Message d'avis :
le package 'blastula' a été compilé avec la version R 4.4.3 
Message d'avis :
le package 'keyring' a été compilé avec la version R 4.4.3 
[1] 0
[1] 0
ℹ️ Git repository already exists.
[1] 0
[main 2f84c1f] Auto commit: 2025-10-30 16:39
 9 files changed, 258 insertions(+), 28 deletions(-)
 create mode 100644 .rsconnectignore
 create mode 100644 auto_publish_dashboard.R
 create mode 100644 logs/auto_publish_log.csv
 delete mode 100644 rsconnect/shinyapps.io/afropepdim/AFRO-SIA_Dashboard.dcf
 create mode 100644 rsconnect/shinyapps.io/afropepdim/WHO-AFRO_SIA_Dashboard.dcf
 create mode 100644 setup_git_repo.log
 create mode 100644 www/AFRO_SIA_Dashboard_QR.png
branch 'main' set up to track 'origin/main'.
To https://github.com/Go-toure/AFRO-SIA_Dashboard.git
   56d528c..2f84c1f  main -> main

==============================
 GIT SYNC SUMMARY – AFRO-SIA Dashboard
==============================

      Metric            Count
       Added                6
    Modified                0
     Deleted                0
     Renamed                0
       Other                3
 Push Status    ✅ Successful
   Timestamp 2025-10-30 16:39

🚀 Git sync completed!
The email message was sent successfully.
✅ Email notification sent successfully.
[1] 0
[main 947f97b] Updated git_sync_log.csv: 2025-10-30 16:39
 1 file changed, 1 insertion(+)
[1] 0
branch 'main' set up to track 'origin/main'.
To https://github.com/Go-toure/AFRO-SIA_Dashboard.git
   2f84c1f..947f97b  main -> main
[1] 0
947f97b Updated git_sync_log.csv: 2025-10-30 16:39
[1] 0

🚀 Triggering WHO AFRO Shiny Dashboard Auto-Publish...

🚀 Starting WHO AFRO Shiny Dashboard deployment...
The following potential problems were identified in the project files:

----------------
setup_git_repo.R
----------------
The following lines contain absolute paths:
150: dashboard_script <- "C:/Users/TOURE/Documents/AFRO-SIA_Dashboard/auto_publish_dashboard.R"

Paths should be to files within the project directory.If your code fails to run post-deployment, please double-check these messages.
── Preparing for deployment ────────────────────────────────────────────────────
✔ Re-deploying "WHO-AFRO_SIA_Dashboard" using "server: shinyapps.io / username: afropepdim"
ℹ Looking up application with id "15917837"...
✔ Found application <https://afropepdim.shinyapps.io/WHO-AFRO_SIA_Dashboard/>
ℹ Bundling 30 files: '.RData', '.rsconnectignore', 'admin_analysis.R', 'app.R', 'auto_publish_dashboard.R', 'coverage_analysis.R', 'district_performance.R', 'input/4434.rds', 'input/4445.rds', 'input/5212.rds', 'input/5710.rds', 'input/africa_countries.rds', 'input/africa_districts.rds', 'input/africa_provinces.rds', 'input/AFRO_admin_data.rds', 'input/AFRO_LQAS_data_c.rds', 'input/Scope.rds', 'logs/auto_publish_log.csv', …, 'www/AFRO_SIA_Dashboard_QR.png', and 'www/who_afro_logo.png'
ℹ Capturing R dependencies
✔ Found 163 dependencies
✔ Created 90,528,517b bundle
ℹ Uploading bundle...
✔ Uploaded bundle with id 11108497
── Deploying to server ─────────────────────────────────────────────────────────
Waiting for task: 1610503469
  building: Processing bundle: 11108497
  building: Parsing manifest
  building: Building image: 13727963
  building: Installing system dependencies
  building: Fetching packages
  building: Installing packages
  building: Installing files
  building: Pushing image: 13727963
  deploying: Starting instances
  rollforward: Activating new instances
  success: Stopping old instances
── Deployment complete ─────────────────────────────────────────────────────────
✔ Successfully deployed to <https://afropepdim.shinyapps.io/WHO-AFRO_SIA_Dashboard/>
✅ Dashboard deployed successfully to shinyapps.io
📝 Log updated at C:/Users/TOURE/Documents/AFRO-SIA_Dashboard/logs/auto_publish_log.csv
The email message was sent successfully.
📨 Deployment summary email sent successfully.
✅ WHO AFRO – Dashboard Auto-Publish script completed successfully.
✅ Dashboard auto-publish script executed successfully.
Message d'avis :
le package 'rsconnect' a été compilé avec la version R 4.4.3 
Message d'avis :
le package 'blastula' a été compilé avec la version R 4.4.3 
Message d'avis :
le package 'keyring' a été compilé avec la version R 4.4.3 
[1] 0
[1] 0
ℹ️ Git repository already exists.
warning: in the working copy of 'setup_git_repo.log', LF will be replaced by CRLF the next time Git touches it
[1] 0
[main f0dd522] Auto commit: 2025-11-01 16:30
 13 files changed, 206 insertions(+), 169 deletions(-)
 create mode 100644 .rscignore
 create mode 100644 .rscignore.txt
 delete mode 100644 auto_publish_dashboard.R
 create mode 100644 auto_publish_dashboard.log
branch 'main' set up to track 'origin/main'.
To https://github.com/Go-toure/AFRO-SIA_Dashboard.git
   947f97b..f0dd522  main -> main

==============================
 GIT SYNC SUMMARY – AFRO-SIA Dashboard
==============================

      Metric            Count
       Added                3
    Modified                0
     Deleted                0
     Renamed                0
       Other               10
 Push Status    ✅ Successful
   Timestamp 2025-11-01 16:30

🚀 Git sync completed!
The email message was sent successfully.
✅ Email notification sent successfully.
[1] 0
[main 19b0357] Updated git_sync_log.csv: 2025-11-01 16:30
 1 file changed, 1 insertion(+)
[1] 0
branch 'main' set up to track 'origin/main'.
To https://github.com/Go-toure/AFRO-SIA_Dashboard.git
   f0dd522..19b0357  main -> main
[1] 0
19b0357 Updated git_sync_log.csv: 2025-11-01 16:30
[1] 0
Message d'avis :
le package 'keyring' a été compilé avec la version R 4.4.3 
[1] 0
[1] 0
ℹ️ Git repository already exists.
warning: in the working copy of 'setup_git_repo.log', LF will be replaced by CRLF the next time Git touches it
[1] 0
[main e7e6f7e] Auto commit: 2025-11-02 16:30
 4 files changed, 53 insertions(+), 1 deletion(-)
branch 'main' set up to track 'origin/main'.
To https://github.com/Go-toure/AFRO-SIA_Dashboard.git
   19b0357..e7e6f7e  main -> main

==============================
 GIT SYNC SUMMARY – AFRO-SIA Dashboard
==============================

      Metric            Count
       Added                0
    Modified                0
     Deleted                0
     Renamed                0
       Other                4
 Push Status    ✅ Successful
   Timestamp 2025-11-02 16:30

🚀 Git sync completed!
The email message was sent successfully.
✅ Email notification sent successfully.
[1] 0
[main f5e1294] Updated git_sync_log.csv: 2025-11-02 16:30
 1 file changed, 1 insertion(+)
[1] 0
branch 'main' set up to track 'origin/main'.
To https://github.com/Go-toure/AFRO-SIA_Dashboard.git
   e7e6f7e..f5e1294  main -> main
[1] 0
f5e1294 Updated git_sync_log.csv: 2025-11-02 16:30
[1] 0
Message d'avis :
le package 'keyring' a été compilé avec la version R 4.4.3 
[1] 0
[1] 0
ℹ️ Git repository already exists.
warning: in the working copy of '.Rhistory', LF will be replaced by CRLF the next time Git touches it
warning: in the working copy of 'setup_git_repo.log', LF will be replaced by CRLF the next time Git touches it
[1] 0
[main 17f1bbc] Auto commit: 2025-11-03 16:30
 13 files changed, 35128 insertions(+), 1109 deletions(-)
 create mode 100644 app_O1.R
 create mode 100644 app_O2.R
 create mode 100644 app_O4.R
 create mode 100644 app_runing1.R
 create mode 100644 app_runing2.R
 create mode 100644 district_performance_optimized.R
 create mode 100644 scope_analysis_optimized.R
branch 'main' set up to track 'origin/main'.
To https://github.com/Go-toure/AFRO-SIA_Dashboard.git
   f5e1294..17f1bbc  main -> main

==============================
 GIT SYNC SUMMARY – AFRO-SIA Dashboard
==============================

      Metric            Count
       Added                7
    Modified                0
     Deleted                0
     Renamed                0
       Other                6
 Push Status    ✅ Successful
   Timestamp 2025-11-03 16:30

🚀 Git sync completed!
The email message was sent successfully.
✅ Email notification sent successfully.
[1] 0
[main 0a2687d] Updated git_sync_log.csv: 2025-11-03 16:30
 1 file changed, 1 insertion(+)
[1] 0
branch 'main' set up to track 'origin/main'.
To https://github.com/Go-toure/AFRO-SIA_Dashboard.git
   17f1bbc..0a2687d  main -> main
[1] 0
0a2687d Updated git_sync_log.csv: 2025-11-03 16:30
[1] 0
Message d'avis :
le package 'keyring' a été compilé avec la version R 4.4.3 
[1] 0
[1] 0
ℹ️ Git repository already exists.
warning: in the working copy of '.Rhistory', LF will be replaced by CRLF the next time Git touches it
[1] 0
[main 95b1671] Auto commit: 2025-11-04 16:30
 4 files changed, 7082 insertions(+), 120 deletions(-)
 create mode 100644 app_O5.R
 create mode 100644 lqas_optimized_operations.R
branch 'main' set up to track 'origin/main'.
To https://github.com/Go-toure/AFRO-SIA_Dashboard.git
   8a7d118..95b1671  main -> main

==============================
 GIT SYNC SUMMARY – AFRO-SIA Dashboard
==============================

      Metric            Count
       Added                2
    Modified                0
     Deleted                0
     Renamed                0
       Other                2
 Push Status    ✅ Successful
   Timestamp 2025-11-04 16:30

🚀 Git sync completed!
The email message was sent successfully.
✅ Email notification sent successfully.
[1] 0
[main 105aefa] Updated git_sync_log.csv: 2025-11-04 16:30
 1 file changed, 1 insertion(+)
[1] 0
branch 'main' set up to track 'origin/main'.
To https://github.com/Go-toure/AFRO-SIA_Dashboard.git
   95b1671..105aefa  main -> main
[1] 0
105aefa Updated git_sync_log.csv: 2025-11-04 16:30
[1] 0
Message d'avis :
le package 'keyring' a été compilé avec la version R 4.4.3 
[1] 0
[1] 0
ℹ️ Git repository already exists.
warning: in the working copy of '.Rhistory', LF will be replaced by CRLF the next time Git touches it
warning: in the working copy of 'setup_git_repo.log', LF will be replaced by CRLF the next time Git touches it
[1] 0
[main c6f7319] Auto commit: 2025-11-05 16:30
 7 files changed, 982 insertions(+), 704 deletions(-)
branch 'main' set up to track 'origin/main'.
To https://github.com/Go-toure/AFRO-SIA_Dashboard.git
   105aefa..c6f7319  main -> main

==============================
 GIT SYNC SUMMARY – AFRO-SIA Dashboard
==============================

      Metric            Count
       Added                0
    Modified                0
     Deleted                0
     Renamed                0
       Other                7
 Push Status    ✅ Successful
   Timestamp 2025-11-05 16:30

🚀 Git sync completed!
The email message was sent successfully.
✅ Email notification sent successfully.
[1] 0
[main a4113c6] Updated git_sync_log.csv: 2025-11-05 16:30
 1 file changed, 1 insertion(+)
[1] 0
branch 'main' set up to track 'origin/main'.
To https://github.com/Go-toure/AFRO-SIA_Dashboard.git
   c6f7319..a4113c6  main -> main
[1] 0
a4113c6 Updated git_sync_log.csv: 2025-11-05 16:30
[1] 0
Message d'avis :
le package 'keyring' a été compilé avec la version R 4.4.3 
[1] 0
[1] 0
ℹ️ Git repository already exists.
warning: in the working copy of '.Rhistory', LF will be replaced by CRLF the next time Git touches it
warning: in the working copy of 'setup_git_repo.log', LF will be replaced by CRLF the next time Git touches it
[1] 0
[main baad3c7] Auto commit: 2025-11-08 18:39
 12 files changed, 15933 insertions(+), 1766 deletions(-)
 create mode 100644 app_O6.R
 create mode 100644 app_runing_4.R
 create mode 100644 input/AFRO_LQAS_data.rds
 create mode 100644 lqas_summary_map_optimized.R
 create mode 100644 unresolved_cases_optimized.R
fatal: unable to access 'https://github.com/Go-toure/AFRO-SIA_Dashboard.git/': Could not resolve host: github.com

==============================
 GIT SYNC SUMMARY – AFRO-SIA Dashboard
==============================

      Metric            Count
       Added                5
    Modified                0
     Deleted                0
     Renamed                0
       Other                7
 Push Status         ⚠️ Failed
   Timestamp 2025-11-08 18:39

🚀 Git sync completed!
⚠️ Email failed to send. Retrying in 10 seconds...
❌ Email failed twice. Check internet or Gmail credentials.
[1] 0
[main b490e0a] Updated git_sync_log.csv: 2025-11-08 18:39
 1 file changed, 1 insertion(+)
[1] 0
fatal: unable to access 'https://github.com/Go-toure/AFRO-SIA_Dashboard.git/': Could not resolve host: github.com
[1] 128
b490e0a Updated git_sync_log.csv: 2025-11-08 18:39
[1] 0
Message d'avis :
le package 'keyring' a été compilé avec la version R 4.4.3 
[1] 0
[1] 0
ℹ️ Git repository already exists.
warning: in the working copy of '.Rhistory', LF will be replaced by CRLF the next time Git touches it
warning: in the working copy of 'setup_git_repo.log', LF will be replaced by CRLF the next time Git touches it
[1] 0
[main a049c0d] Auto commit: 2025-11-10 16:30
 5 files changed, 676 insertions(+), 512 deletions(-)
branch 'main' set up to track 'origin/main'.
To https://github.com/Go-toure/AFRO-SIA_Dashboard.git
   a4113c6..a049c0d  main -> main

==============================
 GIT SYNC SUMMARY – AFRO-SIA Dashboard
==============================

      Metric            Count
       Added                0
    Modified                0
     Deleted                0
     Renamed                0
       Other                5
 Push Status    ✅ Successful
   Timestamp 2025-11-10 16:30

🚀 Git sync completed!
The email message was sent successfully.
✅ Email notification sent successfully.
[1] 0
[main 163e2fb] Updated git_sync_log.csv: 2025-11-10 16:30
 1 file changed, 1 insertion(+)
[1] 0
branch 'main' set up to track 'origin/main'.
To https://github.com/Go-toure/AFRO-SIA_Dashboard.git
   a049c0d..163e2fb  main -> main
[1] 0
163e2fb Updated git_sync_log.csv: 2025-11-10 16:30
[1] 0
Message d'avis :
le package 'keyring' a été compilé avec la version R 4.4.3 
[1] 0
[1] 0
ℹ️ Git repository already exists.
warning: in the working copy of 'setup_git_repo.log', LF will be replaced by CRLF the next time Git touches it
[1] 0
[main dccd181] Auto commit: 2025-11-11 16:30
 1 file changed, 40 insertions(+)
^CMessage d'avis :
le package 'keyring' a été compilé avec la version R 4.4.3 
[1] 0
[1] 0
ℹ️ Git repository already exists.
warning: in the working copy of 'setup_git_repo.log', LF will be replaced by CRLF the next time Git touches it
[1] 0
[main b812598] Auto commit: 2025-11-12 16:30
 6 files changed, 8622 insertions(+), 32 deletions(-)
 create mode 100644 app_7.R
branch 'main' set up to track 'origin/main'.
To https://github.com/Go-toure/AFRO-SIA_Dashboard.git
   163e2fb..b812598  main -> main

==============================
 GIT SYNC SUMMARY – AFRO-SIA Dashboard
==============================

      Metric            Count
       Added                1
    Modified                0
     Deleted                0
     Renamed                0
       Other                5
 Push Status    ✅ Successful
   Timestamp 2025-11-12 16:30

🚀 Git sync completed!
The email message was sent successfully.
✅ Email notification sent successfully.
[1] 0
[main 02d0867] Updated git_sync_log.csv: 2025-11-12 16:30
 1 file changed, 1 insertion(+)
[1] 0
branch 'main' set up to track 'origin/main'.
To https://github.com/Go-toure/AFRO-SIA_Dashboard.git
   b812598..02d0867  main -> main
[1] 0
02d0867 Updated git_sync_log.csv: 2025-11-12 16:30
[1] 0
Message d'avis :
le package 'keyring' a été compilé avec la version R 4.4.3 
[1] 0
[1] 0
ℹ️ Git repository already exists.
warning: in the working copy of '.Rhistory', LF will be replaced by CRLF the next time Git touches it
warning: in the working copy of 'setup_git_repo.log', LF will be replaced by CRLF the next time Git touches it
[1] 0
[main 17bec3c] Auto commit: 2025-11-13 17:27
 8 files changed, 1784 insertions(+), 1333 deletions(-)
error: RPC failed; curl 16 Error in the HTTP2 framing layer
send-pack: unexpected disconnect while reading sideband packet
fatal: the remote end hung up unexpectedly
Everything up-to-date

==============================
 GIT SYNC SUMMARY – AFRO-SIA Dashboard
==============================

      Metric            Count
       Added                0
    Modified                0
     Deleted                0
     Renamed                0
       Other                8
 Push Status         ⚠️ Failed
   Timestamp 2025-11-13 17:28

🚀 Git sync completed!
The email message was sent successfully.
✅ Email notification sent successfully.
[1] 0
[main 4df618a] Updated git_sync_log.csv: 2025-11-13 17:28
 1 file changed, 1 insertion(+)
[1] 0
error: RPC failed; curl 16 Error in the HTTP2 framing layer
send-pack: unexpected disconnect while reading sideband packet
fatal: the remote end hung up unexpectedly
Everything up-to-date
[1] 1
4df618a Updated git_sync_log.csv: 2025-11-13 17:28
[1] 0
Message d'avis :
le package 'keyring' a été compilé avec la version R 4.4.3 
[1] 0
[1] 0
ℹ️ Git repository already exists.
warning: in the working copy of 'setup_git_repo.log', LF will be replaced by CRLF the next time Git touches it
[1] 0
[main be56df2] Auto commit: 2025-11-14 16:30
 1 file changed, 42 insertions(+)
branch 'main' set up to track 'origin/main'.
To https://github.com/Go-toure/AFRO-SIA_Dashboard.git
   02d0867..be56df2  main -> main

==============================
 GIT SYNC SUMMARY – AFRO-SIA Dashboard
==============================

      Metric            Count
       Added                0
    Modified                0
     Deleted                0
     Renamed                0
       Other                1
 Push Status    ✅ Successful
   Timestamp 2025-11-14 16:30

🚀 Git sync completed!
The email message was sent successfully.
✅ Email notification sent successfully.
[1] 0
[main 6acac26] Updated git_sync_log.csv: 2025-11-14 16:31
 1 file changed, 1 insertion(+)
[1] 0
branch 'main' set up to track 'origin/main'.
To https://github.com/Go-toure/AFRO-SIA_Dashboard.git
   be56df2..6acac26  main -> main
[1] 0
6acac26 Updated git_sync_log.csv: 2025-11-14 16:31
[1] 0
Message d'avis :
le package 'keyring' a été compilé avec la version R 4.4.3 
[1] 0
[1] 0
ℹ️ Git repository already exists.
warning: in the working copy of 'setup_git_repo.log', LF will be replaced by CRLF the next time Git touches it
[1] 0
[main 0607cef] Auto commit: 2025-11-15 16:35
 1 file changed, 39 insertions(+)
branch 'main' set up to track 'origin/main'.
To https://github.com/Go-toure/AFRO-SIA_Dashboard.git
   6acac26..0607cef  main -> main

==============================
 GIT SYNC SUMMARY – AFRO-SIA Dashboard
==============================

      Metric            Count
       Added                0
    Modified                0
     Deleted                0
     Renamed                0
       Other                1
 Push Status    ✅ Successful
   Timestamp 2025-11-15 16:35

🚀 Git sync completed!
The email message was sent successfully.
✅ Email notification sent successfully.
[1] 0
[main 159071f] Updated git_sync_log.csv: 2025-11-15 16:35
 1 file changed, 1 insertion(+)
[1] 0
branch 'main' set up to track 'origin/main'.
To https://github.com/Go-toure/AFRO-SIA_Dashboard.git
   0607cef..159071f  main -> main
[1] 0
159071f Updated git_sync_log.csv: 2025-11-15 16:35
[1] 0
Message d'avis :
le package 'keyring' a été compilé avec la version R 4.4.3 
[1] 0
[1] 0
ℹ️ Git repository already exists.
warning: in the working copy of 'setup_git_repo.log', LF will be replaced by CRLF the next time Git touches it
[1] 0
[main 3bce4a6] Auto commit: 2025-12-03 17:30
 6 files changed, 6853 insertions(+), 114 deletions(-)
 create mode 100644 app++.R
branch 'main' set up to track 'origin/main'.
To https://github.com/Go-toure/AFRO-SIA_Dashboard.git
   159071f..3bce4a6  main -> main

==============================
 GIT SYNC SUMMARY – AFRO-SIA Dashboard
==============================

      Metric            Count
       Added                1
    Modified                0
     Deleted                0
     Renamed                0
       Other                5
 Push Status    ✅ Successful
   Timestamp 2025-12-03 17:30

🚀 Git sync completed!
The email message was sent successfully.
✅ Email notification sent successfully.
[1] 0
[main a560491] Updated git_sync_log.csv: 2025-12-03 17:30
 1 file changed, 1 insertion(+)
[1] 0
branch 'main' set up to track 'origin/main'.
To https://github.com/Go-toure/AFRO-SIA_Dashboard.git
   3bce4a6..a560491  main -> main
[1] 0
a560491 Updated git_sync_log.csv: 2025-12-03 17:30
[1] 0
Message d'avis :
le package 'keyring' a été compilé avec la version R 4.4.3 
[1] 0
[1] 0
ℹ️ Git repository already exists.
warning: in the working copy of 'setup_git_repo.log', LF will be replaced by CRLF the next time Git touches it
[1] 0
[main 65493f9] Auto commit: 2025-12-05 16:30
 3 files changed, 111 insertions(+), 61 deletions(-)
branch 'main' set up to track 'origin/main'.
To https://github.com/Go-toure/AFRO-SIA_Dashboard.git
   a560491..65493f9  main -> main

==============================
 GIT SYNC SUMMARY – AFRO-SIA Dashboard
==============================

      Metric            Count
       Added                0
    Modified                0
     Deleted                0
     Renamed                0
       Other                3
 Push Status    ✅ Successful
   Timestamp 2025-12-05 16:30

🚀 Git sync completed!
The email message was sent successfully.
✅ Email notification sent successfully.
[1] 0
[main bc36ee2] Updated git_sync_log.csv: 2025-12-05 16:30
 1 file changed, 1 insertion(+)
[1] 0
branch 'main' set up to track 'origin/main'.
To https://github.com/Go-toure/AFRO-SIA_Dashboard.git
   65493f9..bc36ee2  main -> main
[1] 0
bc36ee2 Updated git_sync_log.csv: 2025-12-05 16:30
[1] 0
Message d'avis :
le package 'keyring' a été compilé avec la version R 4.4.3 
[1] 0
[1] 0
ℹ️ Git repository already exists.
warning: in the working copy of 'setup_git_repo.log', LF will be replaced by CRLF the next time Git touches it
[1] 0
[main 9cf896a] Auto commit: 2025-12-06 16:30
 7 files changed, 20439 insertions(+), 714 deletions(-)
 create mode 100644 app++++.R
 rename app_7.R => app+++.R (99%)
 create mode 100644 app_.R
branch 'main' set up to track 'origin/main'.
To https://github.com/Go-toure/AFRO-SIA_Dashboard.git
   bc36ee2..9cf896a  main -> main

==============================
 GIT SYNC SUMMARY – AFRO-SIA Dashboard
==============================

      Metric            Count
       Added                2
    Modified                0
     Deleted                0
     Renamed                1
       Other                4
 Push Status    ✅ Successful
   Timestamp 2025-12-06 16:30

🚀 Git sync completed!
The email message was sent successfully.
✅ Email notification sent successfully.
[1] 0
[main 0f47158] Updated git_sync_log.csv: 2025-12-06 16:31
 1 file changed, 1 insertion(+)
[1] 0
branch 'main' set up to track 'origin/main'.
To https://github.com/Go-toure/AFRO-SIA_Dashboard.git
   9cf896a..0f47158  main -> main
[1] 0
0f47158 Updated git_sync_log.csv: 2025-12-06 16:31
[1] 0
Message d'avis :
le package 'keyring' a été compilé avec la version R 4.4.3 
[1] 0
[1] 0
ℹ️ Git repository already exists.
warning: in the working copy of 'setup_git_repo.log', LF will be replaced by CRLF the next time Git touches it
[1] 0
[main a27d7b4] Auto commit: 2025-12-07 17:20
 6 files changed, 43 insertions(+), 1 deletion(-)
branch 'main' set up to track 'origin/main'.
To https://github.com/Go-toure/AFRO-SIA_Dashboard.git
   0f47158..a27d7b4  main -> main

==============================
 GIT SYNC SUMMARY – AFRO-SIA Dashboard
==============================

      Metric            Count
       Added                0
    Modified                0
     Deleted                0
     Renamed                0
       Other                6
 Push Status    ✅ Successful
   Timestamp 2025-12-07 17:21

🚀 Git sync completed!
The email message was sent successfully.
✅ Email notification sent successfully.
[1] 0
[main fa5f0db] Updated git_sync_log.csv: 2025-12-07 17:21
 1 file changed, 1 insertion(+)
[1] 0
branch 'main' set up to track 'origin/main'.
To https://github.com/Go-toure/AFRO-SIA_Dashboard.git
   a27d7b4..fa5f0db  main -> main
[1] 0
fa5f0db Updated git_sync_log.csv: 2025-12-07 17:21
[1] 0
Message d'avis :
le package 'keyring' a été compilé avec la version R 4.4.3 
[1] 0
[1] 0
ℹ️ Git repository already exists.
warning: in the working copy of 'setup_git_repo.log', LF will be replaced by CRLF the next time Git touches it
[1] 0
[main 9b14493] Auto commit: 2025-12-08 16:30
 6 files changed, 198 insertions(+), 40 deletions(-)
 create mode 100644 input/AFRO_admin_data_aligned.rds
branch 'main' set up to track 'origin/main'.
To https://github.com/Go-toure/AFRO-SIA_Dashboard.git
   fa5f0db..9b14493  main -> main

==============================
 GIT SYNC SUMMARY – AFRO-SIA Dashboard
==============================

      Metric            Count
       Added                1
    Modified                0
     Deleted                0
     Renamed                0
       Other                5
 Push Status    ✅ Successful
   Timestamp 2025-12-08 16:30

🚀 Git sync completed!
The email message was sent successfully.
✅ Email notification sent successfully.
[1] 0
[main 58c3672] Updated git_sync_log.csv: 2025-12-08 16:30
 1 file changed, 1 insertion(+)
[1] 0
branch 'main' set up to track 'origin/main'.
To https://github.com/Go-toure/AFRO-SIA_Dashboard.git
   9b14493..58c3672  main -> main
[1] 0
58c3672 Updated git_sync_log.csv: 2025-12-08 16:30
[1] 0
Message d'avis :
le package 'keyring' a été compilé avec la version R 4.4.3 
[1] 0
[1] 0
ℹ️ Git repository already exists.
warning: in the working copy of 'setup_git_repo.log', LF will be replaced by CRLF the next time Git touches it
[1] 0
[main bc98db8] Auto commit: 2025-12-09 16:30
 4 files changed, 40 insertions(+)
branch 'main' set up to track 'origin/main'.
To https://github.com/Go-toure/AFRO-SIA_Dashboard.git
   58c3672..bc98db8  main -> main

==============================
 GIT SYNC SUMMARY – AFRO-SIA Dashboard
==============================

      Metric            Count
       Added                0
    Modified                0
     Deleted                0
     Renamed                0
       Other                4
 Push Status    ✅ Successful
   Timestamp 2025-12-09 16:30

🚀 Git sync completed!
The email message was sent successfully.
✅ Email notification sent successfully.
[1] 0
[main e1be376] Updated git_sync_log.csv: 2025-12-09 16:30
 1 file changed, 1 insertion(+)
[1] 0
branch 'main' set up to track 'origin/main'.
To https://github.com/Go-toure/AFRO-SIA_Dashboard.git
   bc98db8..e1be376  main -> main
[1] 0
e1be376 Updated git_sync_log.csv: 2025-12-09 16:30
[1] 0
Message d'avis :
le package 'keyring' a été compilé avec la version R 4.4.3 
[1] 0
[1] 0
ℹ️ Git repository already exists.
warning: in the working copy of 'setup_git_repo.log', LF will be replaced by CRLF the next time Git touches it
[1] 0
[main a54cd89] Auto commit: 2025-12-10 16:30
 2 files changed, 57 insertions(+), 4 deletions(-)
branch 'main' set up to track 'origin/main'.
To https://github.com/Go-toure/AFRO-SIA_Dashboard.git
   e1be376..a54cd89  main -> main

==============================
 GIT SYNC SUMMARY – AFRO-SIA Dashboard
==============================

      Metric            Count
       Added                0
    Modified                0
     Deleted                0
     Renamed                0
       Other                2
 Push Status    ✅ Successful
   Timestamp 2025-12-10 16:30

🚀 Git sync completed!
The email message was sent successfully.
✅ Email notification sent successfully.
[1] 0
[main 17ec3d1] Updated git_sync_log.csv: 2025-12-10 16:30
 1 file changed, 1 insertion(+)
[1] 0
branch 'main' set up to track 'origin/main'.
To https://github.com/Go-toure/AFRO-SIA_Dashboard.git
   a54cd89..17ec3d1  main -> main
[1] 0
17ec3d1 Updated git_sync_log.csv: 2025-12-10 16:30
[1] 0
Message d'avis :
le package 'keyring' a été compilé avec la version R 4.4.3 
[1] 0
[1] 0
ℹ️ Git repository already exists.
warning: in the working copy of 'setup_git_repo.log', LF will be replaced by CRLF the next time Git touches it
[1] 0
[main 7cca74b] Auto commit: 2025-12-11 16:30
 1 file changed, 39 insertions(+)
branch 'main' set up to track 'origin/main'.
To https://github.com/Go-toure/AFRO-SIA_Dashboard.git
   17ec3d1..7cca74b  main -> main

==============================
 GIT SYNC SUMMARY – AFRO-SIA Dashboard
==============================

      Metric            Count
       Added                0
    Modified                0
     Deleted                0
     Renamed                0
       Other                1
 Push Status    ✅ Successful
   Timestamp 2025-12-11 16:30

🚀 Git sync completed!
^CMessage d'avis :
le package 'keyring' a été compilé avec la version R 4.4.3 
[1] 0
[1] 0
ℹ️ Git repository already exists.
warning: in the working copy of '.Rhistory', LF will be replaced by CRLF the next time Git touches it
warning: in the working copy of 'setup_git_repo.log', LF will be replaced by CRLF the next time Git touches it
warning: adding embedded git repository: safe
hint: You've added another git repository inside your current repository.
hint: Clones of the outer repository will not contain the contents of
hint: the embedded repository and will not know how to obtain it.
hint: If you meant to add a submodule, use:
hint:
hint: 	git submodule add <url> safe
hint:
hint: If you added this path by mistake, you can remove it from the
hint: index with:
hint:
hint: 	git rm --cached safe
hint:
hint: See "git help submodule" for more information.
hint: Disable this message with "git config advice.addEmbeddedRepo false"
[1] 0
[main e6522eb] Auto commit: 2025-12-12 16:30
 5 files changed, 74 insertions(+), 2 deletions(-)
 create mode 160000 safe
branch 'main' set up to track 'origin/main'.
To https://github.com/Go-toure/AFRO-SIA_Dashboard.git
   7cca74b..e6522eb  main -> main

==============================
 GIT SYNC SUMMARY – AFRO-SIA Dashboard
==============================

      Metric            Count
       Added                1
    Modified                0
     Deleted                0
     Renamed                0
       Other                4
 Push Status    ✅ Successful
   Timestamp 2025-12-12 16:30

🚀 Git sync completed!
The email message was sent successfully.
✅ Email notification sent successfully.
[1] 0
[main 6a86677] Updated git_sync_log.csv: 2025-12-12 16:30
 1 file changed, 1 insertion(+)
[1] 0
branch 'main' set up to track 'origin/main'.
To https://github.com/Go-toure/AFRO-SIA_Dashboard.git
   e6522eb..6a86677  main -> main
[1] 0
6a86677 Updated git_sync_log.csv: 2025-12-12 16:30
[1] 0
Message d'avis :
le package 'keyring' a été compilé avec la version R 4.4.3 
[1] 0
[1] 0
ℹ️ Git repository already exists.
warning: in the working copy of 'setup_git_repo.log', LF will be replaced by CRLF the next time Git touches it
[1] 0
[main 5dcd0e7] Auto commit: 2025-12-15 16:30
 6 files changed, 175 insertions(+), 143 deletions(-)
 delete mode 100644 input/AFRO_LQAS_data.rds
 delete mode 100644 input/AFRO_admin_data_aligned.rds
branch 'main' set up to track 'origin/main'.
To https://github.com/Go-toure/AFRO-SIA_Dashboard.git
   6a86677..5dcd0e7  main -> main

==============================
 GIT SYNC SUMMARY – AFRO-SIA Dashboard
==============================

      Metric            Count
       Added                0
    Modified                1
     Deleted                0
     Renamed                0
       Other                6
 Push Status    ✅ Successful
   Timestamp 2025-12-15 16:30

🚀 Git sync completed!
The email message was sent successfully.
✅ Email notification sent successfully.
[1] 0
[main 3cfbd55] Updated git_sync_log.csv: 2025-12-15 16:30
 1 file changed, 1 insertion(+)
[1] 0
branch 'main' set up to track 'origin/main'.
To https://github.com/Go-toure/AFRO-SIA_Dashboard.git
   5dcd0e7..3cfbd55  main -> main
[1] 0
3cfbd55 Updated git_sync_log.csv: 2025-12-15 16:30
[1] 0
Message d'avis :
le package 'keyring' a été compilé avec la version R 4.4.3 
[1] 0
[1] 0
ℹ️ Git repository already exists.
warning: in the working copy of '.Rhistory', LF will be replaced by CRLF the next time Git touches it
warning: in the working copy of 'setup_git_repo.log', LF will be replaced by CRLF the next time Git touches it
[1] 0
[main b732ffc] Auto commit: 2025-12-17 16:30
 7 files changed, 764 insertions(+), 790 deletions(-)
branch 'main' set up to track 'origin/main'.
To https://github.com/Go-toure/AFRO-SIA_Dashboard.git
   3cfbd55..b732ffc  main -> main

==============================
 GIT SYNC SUMMARY – AFRO-SIA Dashboard
==============================

      Metric            Count
       Added                0
    Modified                1
     Deleted                0
     Renamed                0
       Other                7
 Push Status    ✅ Successful
   Timestamp 2025-12-17 16:30

🚀 Git sync completed!
The email message was sent successfully.
✅ Email notification sent successfully.
[1] 0
[main 8f3c183] Updated git_sync_log.csv: 2025-12-17 16:30
 1 file changed, 1 insertion(+)
[1] 0
branch 'main' set up to track 'origin/main'.
To https://github.com/Go-toure/AFRO-SIA_Dashboard.git
   b732ffc..8f3c183  main -> main
[1] 0
8f3c183 Updated git_sync_log.csv: 2025-12-17 16:30
[1] 0
Message d'avis :
le package 'keyring' a été compilé avec la version R 4.4.3 
[1] 0
[1] 0
ℹ️ Git repository already exists.
warning: in the working copy of 'setup_git_repo.log', LF will be replaced by CRLF the next time Git touches it
[1] 0
[main 654d685] Auto commit: 2025-12-19 16:30
 3 files changed, 41 insertions(+), 1 deletion(-)
branch 'main' set up to track 'origin/main'.
To https://github.com/Go-toure/AFRO-SIA_Dashboard.git
   8f3c183..654d685  main -> main

==============================
 GIT SYNC SUMMARY – AFRO-SIA Dashboard
==============================

      Metric            Count
       Added                0
    Modified                1
     Deleted                0
     Renamed                0
       Other                3
 Push Status    ✅ Successful
   Timestamp 2025-12-19 16:30

🚀 Git sync completed!
The email message was sent successfully.
✅ Email notification sent successfully.
[1] 0
[main e02d82a] Updated git_sync_log.csv: 2025-12-19 16:30
 1 file changed, 1 insertion(+)
[1] 0
branch 'main' set up to track 'origin/main'.
To https://github.com/Go-toure/AFRO-SIA_Dashboard.git
   654d685..e02d82a  main -> main
[1] 0
e02d82a Updated git_sync_log.csv: 2025-12-19 16:30
[1] 0
Message d'avis :
le package 'keyring' a été compilé avec la version R 4.4.3 
[1] 0
[1] 0
ℹ️ Git repository already exists.
warning: in the working copy of '.Rhistory', LF will be replaced by CRLF the next time Git touches it
warning: in the working copy of 'setup_git_repo.log', LF will be replaced by CRLF the next time Git touches it
[1] 0
[main 3ea5517] Auto commit: 2025-12-22 16:35
 3 files changed, 519 insertions(+), 480 deletions(-)
branch 'main' set up to track 'origin/main'.
To https://github.com/Go-toure/AFRO-SIA_Dashboard.git
   e02d82a..3ea5517  main -> main

==============================
 GIT SYNC SUMMARY – AFRO-SIA Dashboard
==============================

      Metric            Count
       Added                0
    Modified                1
     Deleted                0
     Renamed                0
       Other                3
 Push Status    ✅ Successful
   Timestamp 2025-12-22 16:35

🚀 Git sync completed!
The email message was sent successfully.
✅ Email notification sent successfully.
[1] 0
[main 3da737e] Updated git_sync_log.csv: 2025-12-22 16:35
 1 file changed, 1 insertion(+)
[1] 0
branch 'main' set up to track 'origin/main'.
To https://github.com/Go-toure/AFRO-SIA_Dashboard.git
   3ea5517..3da737e  main -> main
[1] 0
3da737e Updated git_sync_log.csv: 2025-12-22 16:35
[1] 0
Message d'avis :
le package 'keyring' a été compilé avec la version R 4.4.3 
[1] 0
[1] 0
ℹ️ Git repository already exists.
warning: in the working copy of 'setup_git_repo.log', LF will be replaced by CRLF the next time Git touches it
[1] 0
[main 91e1b27] Auto commit: 2025-12-23 16:30
 4 files changed, 40 insertions(+)
branch 'main' set up to track 'origin/main'.
To https://github.com/Go-toure/AFRO-SIA_Dashboard.git
   3da737e..91e1b27  main -> main

==============================
 GIT SYNC SUMMARY – AFRO-SIA Dashboard
==============================

      Metric            Count
       Added                0
    Modified                1
     Deleted                0
     Renamed                0
       Other                4
 Push Status    ✅ Successful
   Timestamp 2025-12-23 16:30

🚀 Git sync completed!
The email message was sent successfully.
✅ Email notification sent successfully.
[1] 0
[main a7945cc] Updated git_sync_log.csv: 2025-12-23 16:30
 1 file changed, 1 insertion(+)
[1] 0
branch 'main' set up to track 'origin/main'.
To https://github.com/Go-toure/AFRO-SIA_Dashboard.git
   91e1b27..a7945cc  main -> main
[1] 0
a7945cc Updated git_sync_log.csv: 2025-12-23 16:30
[1] 0
Message d'avis :
le package 'keyring' a été compilé avec la version R 4.4.3 
[1] 0
[1] 0
ℹ️ Git repository already exists.
warning: in the working copy of 'setup_git_repo.log', LF will be replaced by CRLF the next time Git touches it
[1] 0
[main 0e00a1f] Auto commit: 2025-12-24 16:37
 1 file changed, 39 insertions(+)
branch 'main' set up to track 'origin/main'.
To https://github.com/Go-toure/AFRO-SIA_Dashboard.git
   a7945cc..0e00a1f  main -> main

==============================
 GIT SYNC SUMMARY – AFRO-SIA Dashboard
==============================

      Metric            Count
       Added                0
    Modified                1
     Deleted                0
     Renamed                0
       Other                1
 Push Status    ✅ Successful
   Timestamp 2025-12-24 16:37

🚀 Git sync completed!
The email message was sent successfully.
✅ Email notification sent successfully.
[1] 0
[main facbeb1] Updated git_sync_log.csv: 2025-12-24 16:37
 1 file changed, 1 insertion(+)
[1] 0
branch 'main' set up to track 'origin/main'.
To https://github.com/Go-toure/AFRO-SIA_Dashboard.git
   0e00a1f..facbeb1  main -> main
[1] 0
facbeb1 Updated git_sync_log.csv: 2025-12-24 16:37
[1] 0
Message d'avis :
le package 'keyring' a été compilé avec la version R 4.4.3 
[1] 0
[1] 0
ℹ️ Git repository already exists.
warning: in the working copy of '.Rhistory', LF will be replaced by CRLF the next time Git touches it
warning: in the working copy of 'setup_git_repo.log', LF will be replaced by CRLF the next time Git touches it
[1] 0
[main 6f4a1ec] Auto commit: 2026-01-03 10:55
 6 files changed, 719 insertions(+), 592 deletions(-)
fatal: unable to access 'https://github.com/Go-toure/AFRO-SIA_Dashboard.git/': Could not resolve host: github.com

==============================
 GIT SYNC SUMMARY – AFRO-SIA Dashboard
==============================

      Metric            Count
       Added                0
    Modified                1
     Deleted                0
     Renamed                0
       Other                6
 Push Status         ⚠️ Failed
   Timestamp 2026-01-03 10:55

🚀 Git sync completed!
⚠️ Email failed to send. Retrying in 10 seconds...
❌ Email failed twice. Check internet or Gmail credentials.
[1] 0
[main b4c3057] Updated git_sync_log.csv: 2026-01-03 10:56
 1 file changed, 1 insertion(+)
[1] 0
fatal: unable to access 'https://github.com/Go-toure/AFRO-SIA_Dashboard.git/': Could not resolve host: github.com
[1] 128
b4c3057 Updated git_sync_log.csv: 2026-01-03 10:56
[1] 0
Message d'avis :
le package 'keyring' a été compilé avec la version R 4.4.3 
[1] 0
[1] 0
ℹ️ Git repository already exists.
warning: in the working copy of 'setup_git_repo.log', LF will be replaced by CRLF the next time Git touches it
[1] 0
[main 87a9f9c] Auto commit: 2026-01-04 20:33
 1 file changed, 36 insertions(+)
fatal: unable to access 'https://github.com/Go-toure/AFRO-SIA_Dashboard.git/': Could not resolve host: github.com

==============================
 GIT SYNC SUMMARY – AFRO-SIA Dashboard
==============================

      Metric            Count
       Added                0
    Modified                1
     Deleted                0
     Renamed                0
       Other                1
 Push Status         ⚠️ Failed
   Timestamp 2026-01-04 20:33

🚀 Git sync completed!
⚠️ Email failed to send. Retrying in 10 seconds...
❌ Email failed twice. Check internet or Gmail credentials.
[1] 0
[main e1b8b56] Updated git_sync_log.csv: 2026-01-04 20:34
 1 file changed, 1 insertion(+)
[1] 0
fatal: unable to access 'https://github.com/Go-toure/AFRO-SIA_Dashboard.git/': Could not resolve host: github.com
[1] 128
e1b8b56 Updated git_sync_log.csv: 2026-01-04 20:34
[1] 0
Message d'avis :
le package 'keyring' a été compilé avec la version R 4.4.3 
[1] 0
[1] 0
ℹ️ Git repository already exists.
warning: in the working copy of 'setup_git_repo.log', LF will be replaced by CRLF the next time Git touches it
[1] 0
[main 52dd87d] Auto commit: 2026-01-06 16:30
 1 file changed, 35 insertions(+)
fatal: unable to access 'https://github.com/Go-toure/AFRO-SIA_Dashboard.git/': Could not resolve host: github.com

==============================
 GIT SYNC SUMMARY – AFRO-SIA Dashboard
==============================

      Metric            Count
       Added                0
    Modified                1
     Deleted                0
     Renamed                0
       Other                1
 Push Status         ⚠️ Failed
   Timestamp 2026-01-06 16:30

🚀 Git sync completed!
⚠️ Email failed to send. Retrying in 10 seconds...
❌ Email failed twice. Check internet or Gmail credentials.
[1] 0
[main 8327c19] Updated git_sync_log.csv: 2026-01-06 16:30
 1 file changed, 1 insertion(+)
[1] 0
fatal: unable to access 'https://github.com/Go-toure/AFRO-SIA_Dashboard.git/': Could not resolve host: github.com
[1] 128
8327c19 Updated git_sync_log.csv: 2026-01-06 16:30
[1] 0
Message d'avis :
le package 'keyring' a été compilé avec la version R 4.4.3 
[1] 0
[1] 0
ℹ️ Git repository already exists.
warning: in the working copy of 'setup_git_repo.log', LF will be replaced by CRLF the next time Git touches it
[1] 0
[main a2c3477] Auto commit: 2026-01-08 14:22
 1 file changed, 35 insertions(+)
error: failed to push some refs to 'https://github.com/Go-toure/AFRO-SIA_Dashboard.git'
^CMessage d'avis :
le package 'keyring' a été compilé avec la version R 4.4.3 
[1] 0
[1] 0
ℹ️ Git repository already exists.
warning: in the working copy of 'setup_git_repo.log', LF will be replaced by CRLF the next time Git touches it
[1] 0
[main d4e8251] Auto commit: 2026-01-08 16:30
 1 file changed, 11 insertions(+)
branch 'main' set up to track 'origin/main'.
To https://github.com/Go-toure/AFRO-SIA_Dashboard.git
   facbeb1..d4e8251  main -> main

==============================
 GIT SYNC SUMMARY – AFRO-SIA Dashboard
==============================

      Metric            Count
       Added                0
    Modified                1
     Deleted                0
     Renamed                0
       Other                1
 Push Status    ✅ Successful
   Timestamp 2026-01-08 16:30

🚀 Git sync completed!
The email message was sent successfully.
✅ Email notification sent successfully.
[1] 0
[main 2ddf258] Updated git_sync_log.csv: 2026-01-08 16:30
 1 file changed, 1 insertion(+)
[1] 0
branch 'main' set up to track 'origin/main'.
To https://github.com/Go-toure/AFRO-SIA_Dashboard.git
   d4e8251..2ddf258  main -> main
[1] 0
2ddf258 Updated git_sync_log.csv: 2026-01-08 16:30
[1] 0
Message d'avis :
le package 'keyring' a été compilé avec la version R 4.4.3 
[1] 0
[1] 0
ℹ️ Git repository already exists.
warning: in the working copy of 'setup_git_repo.log', LF will be replaced by CRLF the next time Git touches it
[1] 0
[main 4dcf629] Auto commit: 2026-01-11 16:51
 1 file changed, 39 insertions(+), 1 deletion(-)
branch 'main' set up to track 'origin/main'.
To https://github.com/Go-toure/AFRO-SIA_Dashboard.git
   2ddf258..4dcf629  main -> main

==============================
 GIT SYNC SUMMARY – AFRO-SIA Dashboard
==============================

      Metric            Count
       Added                0
    Modified                1
     Deleted                0
     Renamed                0
       Other                1
 Push Status    ✅ Successful
   Timestamp 2026-01-11 16:51

🚀 Git sync completed!
The email message was sent successfully.
✅ Email notification sent successfully.
[1] 0
[main dd9cf7e] Updated git_sync_log.csv: 2026-01-11 16:51
 1 file changed, 1 insertion(+)
[1] 0
branch 'main' set up to track 'origin/main'.
To https://github.com/Go-toure/AFRO-SIA_Dashboard.git
   4dcf629..dd9cf7e  main -> main
[1] 0
dd9cf7e Updated git_sync_log.csv: 2026-01-11 16:51
[1] 0
Message d'avis :
le package 'keyring' a été compilé avec la version R 4.4.3 
[1] 0
[1] 0
ℹ️ Git repository already exists.
warning: in the working copy of 'setup_git_repo.log', LF will be replaced by CRLF the next time Git touches it
[1] 0
[main 276cbca] Auto commit: 2026-01-14 16:55
 2 files changed, 39 insertions(+)
branch 'main' set up to track 'origin/main'.
To https://github.com/Go-toure/AFRO-SIA_Dashboard.git
   dd9cf7e..276cbca  main -> main

==============================
 GIT SYNC SUMMARY – AFRO-SIA Dashboard
==============================

      Metric            Count
       Added                0
    Modified                1
     Deleted                0
     Renamed                0
       Other                2
 Push Status    ✅ Successful
   Timestamp 2026-01-14 16:55

🚀 Git sync completed!
The email message was sent successfully.
✅ Email notification sent successfully.
[1] 0
[main c7a3052] Updated git_sync_log.csv: 2026-01-14 16:55
 1 file changed, 1 insertion(+)
[1] 0
branch 'main' set up to track 'origin/main'.
To https://github.com/Go-toure/AFRO-SIA_Dashboard.git
   276cbca..c7a3052  main -> main
[1] 0
c7a3052 Updated git_sync_log.csv: 2026-01-14 16:55
[1] 0
Message d'avis :
le package 'keyring' a été compilé avec la version R 4.4.3 
[1] 0
[1] 0
ℹ️ Git repository already exists.
warning: in the working copy of 'setup_git_repo.log', LF will be replaced by CRLF the next time Git touches it
[1] 0
[main d3d097d] Auto commit: 2026-01-16 12:06
 3 files changed, 265 insertions(+), 44 deletions(-)
branch 'main' set up to track 'origin/main'.
To https://github.com/Go-toure/AFRO-SIA_Dashboard.git
   c7a3052..d3d097d  main -> main

==============================
 GIT SYNC SUMMARY – AFRO-SIA Dashboard
==============================

      Metric            Count
       Added                0
    Modified                1
     Deleted                0
     Renamed                0
       Other                3
 Push Status    ✅ Successful
   Timestamp 2026-01-16 12:06

🚀 Git sync completed!
The email message was sent successfully.
✅ Email notification sent successfully.
[1] 0
[main ccef5a6] Updated git_sync_log.csv: 2026-01-16 12:07
 1 file changed, 1 insertion(+)
[1] 0
branch 'main' set up to track 'origin/main'.
To https://github.com/Go-toure/AFRO-SIA_Dashboard.git
   d3d097d..ccef5a6  main -> main
[1] 0
ccef5a6 Updated git_sync_log.csv: 2026-01-16 12:07
[1] 0
Message d'avis :
le package 'keyring' a été compilé avec la version R 4.4.3 
[1] 0
[1] 0
ℹ️ Git repository already exists.
warning: in the working copy of '.Rhistory', LF will be replaced by CRLF the next time Git touches it
warning: in the working copy of 'setup_git_repo.log', LF will be replaced by CRLF the next time Git touches it
[1] 0
[main e13e307] Auto commit: 2026-01-18 14:34
 6 files changed, 10872 insertions(+), 838 deletions(-)
 create mode 100644 .RDataTmp
 create mode 100644 app1.R
remote: warning: See https://gh.io/lfs for more information.        
remote: warning: File .RDataTmp is 54.03 MB; this is larger than GitHub's recommended maximum file size of 50.00 MB        
remote: warning: GH001: Large files detected. You may want to try Git Large File Storage - https://git-lfs.github.com.        
branch 'main' set up to track 'origin/main'.
To https://github.com/Go-toure/AFRO-SIA_Dashboard.git
   ccef5a6..e13e307  main -> main

==============================
 GIT SYNC SUMMARY – AFRO-SIA Dashboard
==============================

      Metric            Count
       Added                2
    Modified                1
     Deleted                0
     Renamed                0
       Other                4
 Push Status    ✅ Successful
   Timestamp 2026-01-18 14:36

🚀 Git sync completed!
The email message was sent successfully.
✅ Email notification sent successfully.
[1] 0
[main fdefd9e] Updated git_sync_log.csv: 2026-01-18 14:36
 1 file changed, 1 insertion(+)
[1] 0
branch 'main' set up to track 'origin/main'.
To https://github.com/Go-toure/AFRO-SIA_Dashboard.git
   e13e307..fdefd9e  main -> main
[1] 0
fdefd9e Updated git_sync_log.csv: 2026-01-18 14:36
[1] 0
Message d'avis :
le package 'keyring' a été compilé avec la version R 4.4.3 
[1] 0
[1] 0
ℹ️ Git repository already exists.
warning: in the working copy of 'setup_git_repo.log', LF will be replaced by CRLF the next time Git touches it
[1] 0
[main 383c752] Auto commit: 2026-01-18 16:30
 3 files changed, 499 insertions(+), 368 deletions(-)
branch 'main' set up to track 'origin/main'.
To https://github.com/Go-toure/AFRO-SIA_Dashboard.git
   fdefd9e..383c752  main -> main

==============================
 GIT SYNC SUMMARY – AFRO-SIA Dashboard
==============================

      Metric            Count
       Added                0
    Modified                1
     Deleted                0
     Renamed                0
       Other                3
 Push Status    ✅ Successful
   Timestamp 2026-01-18 16:30

🚀 Git sync completed!
The email message was sent successfully.
✅ Email notification sent successfully.
[1] 0
[main b710c53] Updated git_sync_log.csv: 2026-01-18 16:30
 1 file changed, 1 insertion(+)
[1] 0
branch 'main' set up to track 'origin/main'.
To https://github.com/Go-toure/AFRO-SIA_Dashboard.git
   383c752..b710c53  main -> main
[1] 0
b710c53 Updated git_sync_log.csv: 2026-01-18 16:30
[1] 0
Message d'avis :
le package 'keyring' a été compilé avec la version R 4.4.3 
[1] 0
[1] 0
ℹ️ Git repository already exists.
warning: in the working copy of 'setup_git_repo.log', LF will be replaced by CRLF the next time Git touches it
[1] 0
[main ccbc706] Auto commit: 2026-01-21 12:01
 3 files changed, 10419 insertions(+), 236 deletions(-)
 create mode 100644 app2.R
branch 'main' set up to track 'origin/main'.
To https://github.com/Go-toure/AFRO-SIA_Dashboard.git
   b710c53..ccbc706  main -> main

==============================
 GIT SYNC SUMMARY – AFRO-SIA Dashboard
==============================

      Metric            Count
       Added                1
    Modified                1
     Deleted                0
     Renamed                0
       Other                2
 Push Status    ✅ Successful
   Timestamp 2026-01-21 12:01

🚀 Git sync completed!
The email message was sent successfully.
✅ Email notification sent successfully.
[1] 0
[main ee4c763] Updated git_sync_log.csv: 2026-01-21 12:01
 1 file changed, 1 insertion(+)
[1] 0
branch 'main' set up to track 'origin/main'.
To https://github.com/Go-toure/AFRO-SIA_Dashboard.git
   ccbc706..ee4c763  main -> main
[1] 0
ee4c763 Updated git_sync_log.csv: 2026-01-21 12:01
[1] 0
Message d'avis :
le package 'keyring' a été compilé avec la version R 4.4.3 
[1] 0
[1] 0
ℹ️ Git repository already exists.
warning: in the working copy of 'setup_git_repo.log', LF will be replaced by CRLF the next time Git touches it
[1] 0
[main 7a25d3b] Auto commit: 2026-01-22 16:30
 15 files changed, 527 insertions(+), 72831 deletions(-)
 delete mode 100644 app++++.R
 delete mode 100644 app+++.R
 delete mode 100644 app++.R
 delete mode 100644 app1.R
 delete mode 100644 app2.R
 delete mode 100644 app_.R
 delete mode 100644 app_O5.R
 delete mode 100644 app_O6.R
 delete mode 100644 app_runing_4.R
 delete mode 100644 district_performance.R
branch 'main' set up to track 'origin/main'.
To https://github.com/Go-toure/AFRO-SIA_Dashboard.git
   ee4c763..7a25d3b  main -> main

==============================
 GIT SYNC SUMMARY – AFRO-SIA Dashboard
==============================

      Metric            Count
       Added                0
    Modified                1
     Deleted                0
     Renamed                0
       Other               15
 Push Status    ✅ Successful
   Timestamp 2026-01-22 16:30

🚀 Git sync completed!
The email message was sent successfully.
✅ Email notification sent successfully.
[1] 0
[main decee47] Updated git_sync_log.csv: 2026-01-22 16:30
 1 file changed, 1 insertion(+)
[1] 0
branch 'main' set up to track 'origin/main'.
To https://github.com/Go-toure/AFRO-SIA_Dashboard.git
   7a25d3b..decee47  main -> main
[1] 0
decee47 Updated git_sync_log.csv: 2026-01-22 16:30
[1] 0
Message d'avis :
le package 'keyring' a été compilé avec la version R 4.4.3 
[1] 0
[1] 0
ℹ️ Git repository already exists.
warning: in the working copy of 'setup_git_repo.log', LF will be replaced by CRLF the next time Git touches it
[1] 0
[main 2e32ce0] Auto commit: 2026-01-26 20:24
 1 file changed, 49 insertions(+)
fatal: unable to access 'https://github.com/Go-toure/AFRO-SIA_Dashboard.git/': Could not resolve host: github.com

==============================
 GIT SYNC SUMMARY – AFRO-SIA Dashboard
==============================

      Metric            Count
       Added                0
    Modified                1
     Deleted                0
     Renamed                0
       Other                1
 Push Status         ⚠️ Failed
   Timestamp 2026-01-26 20:24

🚀 Git sync completed!
⚠️ Email failed to send. Retrying in 10 seconds...
❌ Email failed twice. Check internet or Gmail credentials.
[1] 0
[main 74d975c] Updated git_sync_log.csv: 2026-01-26 20:25
 1 file changed, 1 insertion(+)
[1] 0
fatal: unable to access 'https://github.com/Go-toure/AFRO-SIA_Dashboard.git/': Could not resolve host: github.com
[1] 128
74d975c Updated git_sync_log.csv: 2026-01-26 20:25
[1] 0
Message d'avis :
le package 'keyring' a été compilé avec la version R 4.4.3 
[1] 0
[1] 0
ℹ️ Git repository already exists.
warning: in the working copy of 'setup_git_repo.log', LF will be replaced by CRLF the next time Git touches it
[1] 0
[main ca61f29] Auto commit: 2026-01-27 16:30
 4 files changed, 37 insertions(+), 2 deletions(-)
branch 'main' set up to track 'origin/main'.
To https://github.com/Go-toure/AFRO-SIA_Dashboard.git
   decee47..ca61f29  main -> main

==============================
 GIT SYNC SUMMARY – AFRO-SIA Dashboard
==============================

      Metric            Count
       Added                0
    Modified                1
     Deleted                0
     Renamed                0
       Other                4
 Push Status    ✅ Successful
   Timestamp 2026-01-27 16:30

🚀 Git sync completed!
The email message was sent successfully.
✅ Email notification sent successfully.
[1] 0
[main 0e61a60] Updated git_sync_log.csv: 2026-01-27 16:30
 1 file changed, 1 insertion(+)
[1] 0
branch 'main' set up to track 'origin/main'.
To https://github.com/Go-toure/AFRO-SIA_Dashboard.git
   ca61f29..0e61a60  main -> main
[1] 0
0e61a60 Updated git_sync_log.csv: 2026-01-27 16:30
[1] 0
Message d'avis :
le package 'keyring' a été compilé avec la version R 4.4.3 
[1] 0
[1] 0
ℹ️ Git repository already exists.
warning: in the working copy of 'setup_git_repo.log', LF will be replaced by CRLF the next time Git touches it
[1] 0
[main 37ef10f] Auto commit: 2026-01-28 17:49
 2 files changed, 456 insertions(+), 366 deletions(-)
fatal: unable to access 'https://github.com/Go-toure/AFRO-SIA_Dashboard.git/': Could not resolve host: github.com

==============================
 GIT SYNC SUMMARY – AFRO-SIA Dashboard
==============================

      Metric            Count
       Added                0
    Modified                1
     Deleted                0
     Renamed                0
       Other                2
 Push Status         ⚠️ Failed
   Timestamp 2026-01-28 17:49

🚀 Git sync completed!
⚠️ Email failed to send. Retrying in 10 seconds...
❌ Email failed twice. Check internet or Gmail credentials.
[1] 0
[main 826d7ea] Updated git_sync_log.csv: 2026-01-28 17:49
 1 file changed, 1 insertion(+)
[1] 0
fatal: unable to access 'https://github.com/Go-toure/AFRO-SIA_Dashboard.git/': Could not resolve host: github.com
[1] 128
826d7ea Updated git_sync_log.csv: 2026-01-28 17:49
[1] 0
Message d'avis :
le package 'keyring' a été compilé avec la version R 4.4.3 
[1] 0
[1] 0
ℹ️ Git repository already exists.
warning: in the working copy of 'setup_git_repo.log', LF will be replaced by CRLF the next time Git touches it
[1] 0
[main c86c967] Auto commit: 2026-01-30 21:29
 1 file changed, 35 insertions(+)
fatal: unable to access 'https://github.com/Go-toure/AFRO-SIA_Dashboard.git/': Could not resolve host: github.com

==============================
 GIT SYNC SUMMARY – AFRO-SIA Dashboard
==============================

      Metric            Count
       Added                0
    Modified                1
     Deleted                0
     Renamed                0
       Other                1
 Push Status         ⚠️ Failed
   Timestamp 2026-01-30 21:29

🚀 Git sync completed!
⚠️ Email failed to send. Retrying in 10 seconds...
❌ Email failed twice. Check internet or Gmail credentials.
[1] 0
[main 7cb93bd] Updated git_sync_log.csv: 2026-01-30 21:29
 1 file changed, 1 insertion(+)
[1] 0
fatal: unable to access 'https://github.com/Go-toure/AFRO-SIA_Dashboard.git/': Could not resolve host: github.com
[1] 128
7cb93bd Updated git_sync_log.csv: 2026-01-30 21:29
[1] 0
Message d'avis :
le package 'keyring' a été compilé avec la version R 4.4.3 
[1] 0
[1] 0
ℹ️ Git repository already exists.
warning: in the working copy of 'setup_git_repo.log', LF will be replaced by CRLF the next time Git touches it
[1] 0
[main 24919c9] Auto commit: 2026-01-31 18:08
 1 file changed, 35 insertions(+)
fatal: unable to access 'https://github.com/Go-toure/AFRO-SIA_Dashboard.git/': Could not resolve host: github.com

==============================
 GIT SYNC SUMMARY – AFRO-SIA Dashboard
==============================

      Metric            Count
       Added                0
    Modified                1
     Deleted                0
     Renamed                0
       Other                1
 Push Status         ⚠️ Failed
   Timestamp 2026-01-31 18:09

🚀 Git sync completed!
⚠️ Email failed to send. Retrying in 10 seconds...
❌ Email failed twice. Check internet or Gmail credentials.
[1] 0
[main f3e1b55] Updated git_sync_log.csv: 2026-01-31 18:09
 1 file changed, 1 insertion(+)
[1] 0
fatal: unable to access 'https://github.com/Go-toure/AFRO-SIA_Dashboard.git/': Could not resolve host: github.com
[1] 128
f3e1b55 Updated git_sync_log.csv: 2026-01-31 18:09
[1] 0
Message d'avis :
le package 'keyring' a été compilé avec la version R 4.4.3 
[1] 0
[1] 0
ℹ️ Git repository already exists.
warning: in the working copy of 'setup_git_repo.log', LF will be replaced by CRLF the next time Git touches it
[1] 0
[main 2ac2e07] Auto commit: 2026-02-02 16:30
 1 file changed, 35 insertions(+)
branch 'main' set up to track 'origin/main'.
To https://github.com/Go-toure/AFRO-SIA_Dashboard.git
   0e61a60..2ac2e07  main -> main

==============================
 GIT SYNC SUMMARY – AFRO-SIA Dashboard
==============================

      Metric            Count
       Added                0
    Modified                1
     Deleted                0
     Renamed                0
       Other                1
 Push Status    ✅ Successful
   Timestamp 2026-02-02 16:30

🚀 Git sync completed!
The email message was sent successfully.
✅ Email notification sent successfully.
[1] 0
[main ef04f6b] Updated git_sync_log.csv: 2026-02-02 16:30
 1 file changed, 1 insertion(+)
[1] 0
branch 'main' set up to track 'origin/main'.
To https://github.com/Go-toure/AFRO-SIA_Dashboard.git
   2ac2e07..ef04f6b  main -> main
[1] 0
ef04f6b Updated git_sync_log.csv: 2026-02-02 16:30
[1] 0
Message d'avis :
le package 'keyring' a été compilé avec la version R 4.4.3 
[1] 0
[1] 0
ℹ️ Git repository already exists.
warning: in the working copy of 'setup_git_repo.log', LF will be replaced by CRLF the next time Git touches it
[1] 0
[main f0cebbb] Auto commit: 2026-02-03 16:30
 2 files changed, 39 insertions(+)
branch 'main' set up to track 'origin/main'.
To https://github.com/Go-toure/AFRO-SIA_Dashboard.git
   ef04f6b..f0cebbb  main -> main

==============================
 GIT SYNC SUMMARY – AFRO-SIA Dashboard
==============================

      Metric            Count
       Added                0
    Modified                1
     Deleted                0
     Renamed                0
       Other                2
 Push Status    ✅ Successful
   Timestamp 2026-02-03 16:30

🚀 Git sync completed!
The email message was sent successfully.
✅ Email notification sent successfully.
[1] 0
[main 6476f7f] Updated git_sync_log.csv: 2026-02-03 16:30
 1 file changed, 1 insertion(+)
[1] 0
branch 'main' set up to track 'origin/main'.
To https://github.com/Go-toure/AFRO-SIA_Dashboard.git
   f0cebbb..6476f7f  main -> main
[1] 0
6476f7f Updated git_sync_log.csv: 2026-02-03 16:30
[1] 0
Message d'avis :
le package 'keyring' a été compilé avec la version R 4.4.3 
[1] 0
[1] 0
ℹ️ Git repository already exists.
warning: in the working copy of '.Rhistory', LF will be replaced by CRLF the next time Git touches it
warning: in the working copy of 'setup_git_repo.log', LF will be replaced by CRLF the next time Git touches it
[1] 0
[main 5e370cc] Auto commit: 2026-02-05 16:30
 8 files changed, 515 insertions(+), 476 deletions(-)
 delete mode 160000 safe
branch 'main' set up to track 'origin/main'.
To https://github.com/Go-toure/AFRO-SIA_Dashboard.git
   6476f7f..5e370cc  main -> main

==============================
 GIT SYNC SUMMARY – AFRO-SIA Dashboard
==============================

      Metric            Count
       Added                0
    Modified                0
     Deleted                0
     Renamed                0
       Other                8
 Push Status    ✅ Successful
   Timestamp 2026-02-05 16:30

🚀 Git sync completed!
The email message was sent successfully.
✅ Email notification sent successfully.
[1] 0
[main 4fca7ca] Updated git_sync_log.csv: 2026-02-05 16:30
 1 file changed, 1 insertion(+)
[1] 0
branch 'main' set up to track 'origin/main'.
To https://github.com/Go-toure/AFRO-SIA_Dashboard.git
   5e370cc..4fca7ca  main -> main
[1] 0
4fca7ca Updated git_sync_log.csv: 2026-02-05 16:30
[1] 0
Message d'avis :
le package 'keyring' a été compilé avec la version R 4.4.3 
[1] 0
[1] 0
ℹ️ Git repository already exists.
warning: in the working copy of 'setup_git_repo.log', LF will be replaced by CRLF the next time Git touches it
[1] 0
[main 02c15e0] Auto commit: 2026-02-09 16:30
 1 file changed, 41 insertions(+)
branch 'main' set up to track 'origin/main'.
To https://github.com/Go-toure/AFRO-SIA_Dashboard.git
   4fca7ca..02c15e0  main -> main

==============================
 GIT SYNC SUMMARY – AFRO-SIA Dashboard
==============================

      Metric            Count
       Added                0
    Modified                0
     Deleted                0
     Renamed                0
       Other                1
 Push Status    ✅ Successful
   Timestamp 2026-02-09 16:30

🚀 Git sync completed!
The email message was sent successfully.
✅ Email notification sent successfully.
[1] 0
[main c2323e3] Updated git_sync_log.csv: 2026-02-09 16:30
 1 file changed, 1 insertion(+)
[1] 0
branch 'main' set up to track 'origin/main'.
To https://github.com/Go-toure/AFRO-SIA_Dashboard.git
   02c15e0..c2323e3  main -> main
[1] 0
c2323e3 Updated git_sync_log.csv: 2026-02-09 16:30
[1] 0
Message d'avis :
le package 'keyring' a été compilé avec la version R 4.4.3 
[1] 0
[1] 0
ℹ️ Git repository already exists.
warning: in the working copy of '.Rhistory', LF will be replaced by CRLF the next time Git touches it
warning: in the working copy of 'setup_git_repo.log', LF will be replaced by CRLF the next time Git touches it
[1] 0
[main 75d68d2] Auto commit: 2026-02-16 16:30
 7 files changed, 134 insertions(+), 50 deletions(-)
 create mode 100644 input/LCB_LQAS_data_c.rds
To https://github.com/Go-toure/AFRO-SIA_Dashboard.git
 ! [rejected]        main -> main (fetch first)
error: failed to push some refs to 'https://github.com/Go-toure/AFRO-SIA_Dashboard.git'
hint: Updates were rejected because the remote contains work that you do not
hint: have locally. This is usually caused by another repository pushing to
hint: the same ref. If you want to integrate the remote changes, use
hint: 'git pull' before pushing again.
hint: See the 'Note about fast-forwards' in 'git push --help' for details.

==============================
 GIT SYNC SUMMARY – AFRO-SIA Dashboard
==============================

      Metric            Count
       Added                1
    Modified                0
     Deleted                0
     Renamed                0
       Other                6
 Push Status         ⚠️ Failed
   Timestamp 2026-02-16 16:30

🚀 Git sync completed!
The email message was sent successfully.
✅ Email notification sent successfully.
[1] 0
[main 7872d81] Updated git_sync_log.csv: 2026-02-16 16:30
 1 file changed, 1 insertion(+)
[1] 0
To https://github.com/Go-toure/AFRO-SIA_Dashboard.git
 ! [rejected]        main -> main (fetch first)
error: failed to push some refs to 'https://github.com/Go-toure/AFRO-SIA_Dashboard.git'
hint: Updates were rejected because the remote contains work that you do not
hint: have locally. This is usually caused by another repository pushing to
hint: the same ref. If you want to integrate the remote changes, use
hint: 'git pull' before pushing again.
hint: See the 'Note about fast-forwards' in 'git push --help' for details.
[1] 1
7872d81 Updated git_sync_log.csv: 2026-02-16 16:30
[1] 0
Message d'avis :
le package 'keyring' a été compilé avec la version R 4.4.3 
[1] 0
[1] 0
ℹ️ Git repository already exists.
warning: in the working copy of '.Rhistory', LF will be replaced by CRLF the next time Git touches it
warning: in the working copy of 'setup_git_repo.log', LF will be replaced by CRLF the next time Git touches it
[1] 0
[main 4e7addd] Auto commit: 2026-02-17 16:30
 8 files changed, 2199 insertions(+), 879 deletions(-)
 create mode 100644 sia_ai_mwanza_pro_v2.R
To https://github.com/Go-toure/AFRO-SIA_Dashboard.git
 ! [rejected]        main -> main (fetch first)
error: failed to push some refs to 'https://github.com/Go-toure/AFRO-SIA_Dashboard.git'
hint: Updates were rejected because the remote contains work that you do not
hint: have locally. This is usually caused by another repository pushing to
hint: the same ref. If you want to integrate the remote changes, use
hint: 'git pull' before pushing again.
hint: See the 'Note about fast-forwards' in 'git push --help' for details.

==============================
 GIT SYNC SUMMARY – AFRO-SIA Dashboard
==============================

      Metric            Count
       Added                1
    Modified                0
     Deleted                0
     Renamed                0
       Other                7
 Push Status         ⚠️ Failed
   Timestamp 2026-02-17 16:30

🚀 Git sync completed!
The email message was sent successfully.
✅ Email notification sent successfully.
[1] 0
[main a71e687] Updated git_sync_log.csv: 2026-02-17 16:30
 1 file changed, 1 insertion(+)
[1] 0
To https://github.com/Go-toure/AFRO-SIA_Dashboard.git
 ! [rejected]        main -> main (fetch first)
error: failed to push some refs to 'https://github.com/Go-toure/AFRO-SIA_Dashboard.git'
hint: Updates were rejected because the remote contains work that you do not
hint: have locally. This is usually caused by another repository pushing to
hint: the same ref. If you want to integrate the remote changes, use
hint: 'git pull' before pushing again.
hint: See the 'Note about fast-forwards' in 'git push --help' for details.
[1] 1
a71e687 Updated git_sync_log.csv: 2026-02-17 16:30
[1] 0
Message d'avis :
le package 'keyring' a été compilé avec la version R 4.4.3 
[1] 0
[1] 0
ℹ️ Git repository already exists.
warning: in the working copy of 'setup_git_repo.log', LF will be replaced by CRLF the next time Git touches it
[1] 0
[main 6f5cffd] Auto commit: 2026-02-18 16:30
 1 file changed, 51 insertions(+)
To https://github.com/Go-toure/AFRO-SIA_Dashboard.git
 ! [rejected]        main -> main (fetch first)
error: failed to push some refs to 'https://github.com/Go-toure/AFRO-SIA_Dashboard.git'
hint: Updates were rejected because the remote contains work that you do not
hint: have locally. This is usually caused by another repository pushing to
hint: the same ref. If you want to integrate the remote changes, use
hint: 'git pull' before pushing again.
hint: See the 'Note about fast-forwards' in 'git push --help' for details.

==============================
 GIT SYNC SUMMARY – AFRO-SIA Dashboard
==============================

      Metric            Count
       Added                0
    Modified                0
     Deleted                0
     Renamed                0
       Other                1
 Push Status         ⚠️ Failed
   Timestamp 2026-02-18 16:30

🚀 Git sync completed!
The email message was sent successfully.
✅ Email notification sent successfully.
[1] 0
[main f645d90] Updated git_sync_log.csv: 2026-02-18 16:30
 1 file changed, 1 insertion(+)
[1] 0
To https://github.com/Go-toure/AFRO-SIA_Dashboard.git
 ! [rejected]        main -> main (fetch first)
error: failed to push some refs to 'https://github.com/Go-toure/AFRO-SIA_Dashboard.git'
hint: Updates were rejected because the remote contains work that you do not
hint: have locally. This is usually caused by another repository pushing to
hint: the same ref. If you want to integrate the remote changes, use
hint: 'git pull' before pushing again.
hint: See the 'Note about fast-forwards' in 'git push --help' for details.
[1] 1
f645d90 Updated git_sync_log.csv: 2026-02-18 16:30
[1] 0
Message d'avis :
le package 'keyring' a été compilé avec la version R 4.4.3 
[1] 0
[1] 0
ℹ️ Git repository already exists.
warning: in the working copy of '.Rhistory', LF will be replaced by CRLF the next time Git touches it
warning: in the working copy of 'setup_git_repo.log', LF will be replaced by CRLF the next time Git touches it
[1] 0
[main a74293a] Auto commit: 2026-02-21 20:38
 6 files changed, 346 insertions(+), 291 deletions(-)
fatal: unable to access 'https://github.com/Go-toure/AFRO-SIA_Dashboard.git/': Could not resolve host: github.com

==============================
 GIT SYNC SUMMARY – AFRO-SIA Dashboard
==============================

      Metric            Count
       Added                0
    Modified                0
     Deleted                0
     Renamed                0
       Other                6
 Push Status         ⚠️ Failed
   Timestamp 2026-02-21 20:38

🚀 Git sync completed!
⚠️ Email failed to send. Retrying in 10 seconds...
❌ Email failed twice. Check internet or Gmail credentials.
[1] 0
[main 04c2e57] Updated git_sync_log.csv: 2026-02-21 20:39
 1 file changed, 1 insertion(+)
[1] 0
fatal: unable to access 'https://github.com/Go-toure/AFRO-SIA_Dashboard.git/': Could not resolve host: github.com
[1] 128
04c2e57 Updated git_sync_log.csv: 2026-02-21 20:39
[1] 0
Message d'avis :
le package 'keyring' a été compilé avec la version R 4.4.3 
[1] 0
[1] 0
ℹ️ Git repository already exists.
warning: in the working copy of 'setup_git_repo.log', LF will be replaced by CRLF the next time Git touches it
[1] 0
[main fa5540c] Auto commit: 2026-02-22 16:30
 1 file changed, 36 insertions(+)
fatal: unable to access 'https://github.com/Go-toure/AFRO-SIA_Dashboard.git/': Could not resolve host: github.com

==============================
 GIT SYNC SUMMARY – AFRO-SIA Dashboard
==============================

      Metric            Count
       Added                0
    Modified                0
     Deleted                0
     Renamed                0
       Other                1
 Push Status         ⚠️ Failed
   Timestamp 2026-02-22 16:30

🚀 Git sync completed!
⚠️ Email failed to send. Retrying in 10 seconds...
❌ Email failed twice. Check internet or Gmail credentials.
[1] 0
[main 3759cfb] Updated git_sync_log.csv: 2026-02-22 16:30
 1 file changed, 1 insertion(+)
[1] 0
fatal: unable to access 'https://github.com/Go-toure/AFRO-SIA_Dashboard.git/': Could not resolve host: github.com
[1] 128
3759cfb Updated git_sync_log.csv: 2026-02-22 16:30
[1] 0
Message d'avis :
le package 'keyring' a été compilé avec la version R 4.4.3 
[1] 0
[1] 0
ℹ️ Git repository already exists.
warning: in the working copy of 'setup_git_repo.log', LF will be replaced by CRLF the next time Git touches it
[1] 0
[main 1527d9d] Auto commit: 2026-02-24 18:29
 5 files changed, 35 insertions(+)
 create mode 100644 input/AFRO_admin_data_vf2.rds
fatal: unable to access 'https://github.com/Go-toure/AFRO-SIA_Dashboard.git/': Could not resolve host: github.com

==============================
 GIT SYNC SUMMARY – AFRO-SIA Dashboard
==============================

      Metric            Count
       Added                1
    Modified                0
     Deleted                0
     Renamed                0
       Other                4
 Push Status         ⚠️ Failed
   Timestamp 2026-02-24 18:29

🚀 Git sync completed!
⚠️ Email failed to send. Retrying in 10 seconds...
❌ Email failed twice. Check internet or Gmail credentials.
[1] 0
[main c684c3f] Updated git_sync_log.csv: 2026-02-24 18:29
 1 file changed, 1 insertion(+)
[1] 0
fatal: unable to access 'https://github.com/Go-toure/AFRO-SIA_Dashboard.git/': Could not resolve host: github.com
[1] 128
c684c3f Updated git_sync_log.csv: 2026-02-24 18:29
[1] 0
Message d'avis :
le package 'keyring' a été compilé avec la version R 4.4.3 
[1] 0
[1] 0
ℹ️ Git repository already exists.
warning: in the working copy of 'setup_git_repo.log', LF will be replaced by CRLF the next time Git touches it
[1] 0
[main ae951e5] Auto commit: 2026-02-26 16:30
 2 files changed, 36 insertions(+)
fatal: unable to access 'https://github.com/Go-toure/AFRO-SIA_Dashboard.git/': Could not resolve host: github.com

==============================
 GIT SYNC SUMMARY – AFRO-SIA Dashboard
==============================

      Metric            Count
       Added                0
    Modified                0
     Deleted                0
     Renamed                0
       Other                2
 Push Status         ⚠️ Failed
   Timestamp 2026-02-26 16:30

🚀 Git sync completed!
⚠️ Email failed to send. Retrying in 10 seconds...
❌ Email failed twice. Check internet or Gmail credentials.
[1] 0
[main 7f7f710] Updated git_sync_log.csv: 2026-02-26 16:30
 1 file changed, 1 insertion(+)
[1] 0
fatal: unable to access 'https://github.com/Go-toure/AFRO-SIA_Dashboard.git/': Could not resolve host: github.com
[1] 128
7f7f710 Updated git_sync_log.csv: 2026-02-26 16:30
[1] 0
Message d'avis :
le package 'keyring' a été compilé avec la version R 4.4.3 
[1] 0
[1] 0
ℹ️ Git repository already exists.
warning: in the working copy of 'setup_git_repo.log', LF will be replaced by CRLF the next time Git touches it
[1] 0
[main 98029b5] Auto commit: 2026-02-27 16:30
 1 file changed, 35 insertions(+)
^CMessage d'avis :
le package 'keyring' a été compilé avec la version R 4.4.3 
[1] 0
[1] 0
ℹ️ Git repository already exists.
warning: in the working copy of '.Rhistory', LF will be replaced by CRLF the next time Git touches it
warning: in the working copy of 'setup_git_repo.log', LF will be replaced by CRLF the next time Git touches it
[1] 0
[main 3bca7fa] Auto commit: 2026-03-01 16:30
 3 files changed, 33 insertions(+), 23 deletions(-)
To https://github.com/Go-toure/AFRO-SIA_Dashboard.git
 ! [rejected]        main -> main (fetch first)
error: failed to push some refs to 'https://github.com/Go-toure/AFRO-SIA_Dashboard.git'
hint: Updates were rejected because the remote contains work that you do not
hint: have locally. This is usually caused by another repository pushing to
hint: the same ref. If you want to integrate the remote changes, use
hint: 'git pull' before pushing again.
hint: See the 'Note about fast-forwards' in 'git push --help' for details.

==============================
 GIT SYNC SUMMARY – AFRO-SIA Dashboard
==============================

      Metric            Count
       Added                0
    Modified                0
     Deleted                0
     Renamed                0
       Other                3
 Push Status         ⚠️ Failed
   Timestamp 2026-03-01 16:30

🚀 Git sync completed!
The email message was sent successfully.
✅ Email notification sent successfully.
[1] 0
[main 70824f4] Updated git_sync_log.csv: 2026-03-01 16:31
 1 file changed, 1 insertion(+)
[1] 0
To https://github.com/Go-toure/AFRO-SIA_Dashboard.git
 ! [rejected]        main -> main (fetch first)
error: failed to push some refs to 'https://github.com/Go-toure/AFRO-SIA_Dashboard.git'
hint: Updates were rejected because the remote contains work that you do not
hint: have locally. This is usually caused by another repository pushing to
hint: the same ref. If you want to integrate the remote changes, use
hint: 'git pull' before pushing again.
hint: See the 'Note about fast-forwards' in 'git push --help' for details.
[1] 1
70824f4 Updated git_sync_log.csv: 2026-03-01 16:31
[1] 0
Message d'avis :
le package 'keyring' a été compilé avec la version R 4.4.3 
[1] 0
[1] 0
ℹ️ Git repository already exists.
warning: in the working copy of 'setup_git_repo.log', LF will be replaced by CRLF the next time Git touches it
warning: in the working copy of 'input/country_summary.csv', LF will be replaced by CRLF the next time Git touches it
warning: in the working copy of 'input/performance_summary.csv', LF will be replaced by CRLF the next time Git touches it
[1] 0
[main 55dbd8d] Auto commit: 2026-03-03 09:51
 4 files changed, 527 insertions(+), 535 deletions(-)
 create mode 100644 input/country_summary.csv
 create mode 100644 input/performance_summary.csv
To https://github.com/Go-toure/AFRO-SIA_Dashboard.git
 ! [rejected]        main -> main (fetch first)
error: failed to push some refs to 'https://github.com/Go-toure/AFRO-SIA_Dashboard.git'
hint: Updates were rejected because the remote contains work that you do not
hint: have locally. This is usually caused by another repository pushing to
hint: the same ref. If you want to integrate the remote changes, use
hint: 'git pull' before pushing again.
hint: See the 'Note about fast-forwards' in 'git push --help' for details.

==============================
 GIT SYNC SUMMARY – AFRO-SIA Dashboard
==============================

      Metric            Count
       Added                2
    Modified                0
     Deleted                0
     Renamed                0
       Other                2
 Push Status         ⚠️ Failed
   Timestamp 2026-03-03 09:52

🚀 Git sync completed!
The email message was sent successfully.
✅ Email notification sent successfully.
[1] 0
[main edae3c9] Updated git_sync_log.csv: 2026-03-03 09:52
 1 file changed, 1 insertion(+)
[1] 0
To https://github.com/Go-toure/AFRO-SIA_Dashboard.git
 ! [rejected]        main -> main (fetch first)
error: failed to push some refs to 'https://github.com/Go-toure/AFRO-SIA_Dashboard.git'
hint: Updates were rejected because the remote contains work that you do not
hint: have locally. This is usually caused by another repository pushing to
hint: the same ref. If you want to integrate the remote changes, use
hint: 'git pull' before pushing again.
hint: See the 'Note about fast-forwards' in 'git push --help' for details.
[1] 1
edae3c9 Updated git_sync_log.csv: 2026-03-03 09:52
[1] 0
Message d'avis :
le package 'keyring' a été compilé avec la version R 4.4.3 
[1] 0
[1] 0
ℹ️ Git repository already exists.
warning: in the working copy of 'setup_git_repo.log', LF will be replaced by CRLF the next time Git touches it
[1] 0
[main 786dff1] Auto commit: 2026-03-04 11:16
 4 files changed, 53 insertions(+)
 create mode 100644 input/AFRO_LQAS_combined.rds
To https://github.com/Go-toure/AFRO-SIA_Dashboard.git
 ! [rejected]        main -> main (fetch first)
error: failed to push some refs to 'https://github.com/Go-toure/AFRO-SIA_Dashboard.git'
hint: Updates were rejected because the remote contains work that you do not
hint: have locally. This is usually caused by another repository pushing to
hint: the same ref. If you want to integrate the remote changes, use
hint: 'git pull' before pushing again.
hint: See the 'Note about fast-forwards' in 'git push --help' for details.

==============================
 GIT SYNC SUMMARY – AFRO-SIA Dashboard
==============================

      Metric            Count
       Added                1
    Modified                0
     Deleted                0
     Renamed                0
       Other                3
 Push Status         ⚠️ Failed
   Timestamp 2026-03-04 11:17

🚀 Git sync completed!
The email message was sent successfully.
✅ Email notification sent successfully.
[1] 0
[main 23cf3bc] Updated git_sync_log.csv: 2026-03-04 11:17
 1 file changed, 1 insertion(+)
[1] 0
To https://github.com/Go-toure/AFRO-SIA_Dashboard.git
 ! [rejected]        main -> main (fetch first)
error: failed to push some refs to 'https://github.com/Go-toure/AFRO-SIA_Dashboard.git'
hint: Updates were rejected because the remote contains work that you do not
hint: have locally. This is usually caused by another repository pushing to
hint: the same ref. If you want to integrate the remote changes, use
hint: 'git pull' before pushing again.
hint: See the 'Note about fast-forwards' in 'git push --help' for details.
[1] 1
23cf3bc Updated git_sync_log.csv: 2026-03-04 11:17
[1] 0
Message d'avis :
le package 'keyring' a été compilé avec la version R 4.4.3 
[1] 0
[1] 0
ℹ️ Git repository already exists.
warning: in the working copy of 'setup_git_repo.log', LF will be replaced by CRLF the next time Git touches it
[1] 0
[main eba6c37] Auto commit: 2026-03-05 10:01
 1 file changed, 50 insertions(+)
fatal: unable to access 'https://github.com/Go-toure/AFRO-SIA_Dashboard.git/': Could not resolve host: github.com

==============================
 GIT SYNC SUMMARY – AFRO-SIA Dashboard
==============================

      Metric            Count
       Added                0
    Modified                0
     Deleted                0
     Renamed                0
       Other                1
 Push Status         ⚠️ Failed
   Timestamp 2026-03-05 10:01

🚀 Git sync completed!
⚠️ Email failed to send. Retrying in 10 seconds...
❌ Email failed twice. Check internet or Gmail credentials.
[1] 0
[main 789fc46] Updated git_sync_log.csv: 2026-03-05 10:02
 1 file changed, 1 insertion(+)
[1] 0
fatal: unable to access 'https://github.com/Go-toure/AFRO-SIA_Dashboard.git/': Could not resolve host: github.com
[1] 128
789fc46 Updated git_sync_log.csv: 2026-03-05 10:02
[1] 0
Message d'avis :
le package 'keyring' a été compilé avec la version R 4.4.3 
[1] 0
[1] 0
ℹ️ Git repository already exists.
warning: in the working copy of 'setup_git_repo.log', LF will be replaced by CRLF the next time Git touches it
[1] 0
[main 9bdc58b] Auto commit: 2026-03-05 18:10
 1 file changed, 35 insertions(+)
fatal: unable to access 'https://github.com/Go-toure/AFRO-SIA_Dashboard.git/': Could not resolve host: github.com

==============================
 GIT SYNC SUMMARY – AFRO-SIA Dashboard
==============================

      Metric            Count
       Added                0
    Modified                0
     Deleted                0
     Renamed                0
       Other                1
 Push Status         ⚠️ Failed
   Timestamp 2026-03-05 18:10

🚀 Git sync completed!
⚠️ Email failed to send. Retrying in 10 seconds...
❌ Email failed twice. Check internet or Gmail credentials.
[1] 0
[main 374cf0e] Updated git_sync_log.csv: 2026-03-05 18:10
 1 file changed, 1 insertion(+)
[1] 0
fatal: unable to access 'https://github.com/Go-toure/AFRO-SIA_Dashboard.git/': Could not resolve host: github.com
[1] 128
374cf0e Updated git_sync_log.csv: 2026-03-05 18:10
[1] 0
Message d'avis :
le package 'keyring' a été compilé avec la version R 4.4.3 
[1] 0
[1] 0
ℹ️ Git repository already exists.
warning: in the working copy of 'setup_git_repo.log', LF will be replaced by CRLF the next time Git touches it
[1] 0
[main d029fe8] Auto commit: 2026-03-06 16:30
 3 files changed, 663 insertions(+), 620 deletions(-)
To https://github.com/Go-toure/AFRO-SIA_Dashboard.git
 ! [rejected]        main -> main (fetch first)
error: failed to push some refs to 'https://github.com/Go-toure/AFRO-SIA_Dashboard.git'
hint: Updates were rejected because the remote contains work that you do not
hint: have locally. This is usually caused by another repository pushing to
hint: the same ref. If you want to integrate the remote changes, use
hint: 'git pull' before pushing again.
hint: See the 'Note about fast-forwards' in 'git push --help' for details.

==============================
 GIT SYNC SUMMARY – AFRO-SIA Dashboard
==============================

      Metric            Count
       Added                0
    Modified                0
     Deleted                0
     Renamed                0
       Other                3
 Push Status         ⚠️ Failed
   Timestamp 2026-03-06 16:30

🚀 Git sync completed!
The email message was sent successfully.
✅ Email notification sent successfully.
[1] 0
[main 1c08658] Updated git_sync_log.csv: 2026-03-06 16:30
 1 file changed, 1 insertion(+)
[1] 0
To https://github.com/Go-toure/AFRO-SIA_Dashboard.git
 ! [rejected]        main -> main (fetch first)
error: failed to push some refs to 'https://github.com/Go-toure/AFRO-SIA_Dashboard.git'
hint: Updates were rejected because the remote contains work that you do not
hint: have locally. This is usually caused by another repository pushing to
hint: the same ref. If you want to integrate the remote changes, use
hint: 'git pull' before pushing again.
hint: See the 'Note about fast-forwards' in 'git push --help' for details.
[1] 1
1c08658 Updated git_sync_log.csv: 2026-03-06 16:30
[1] 0
Message d'avis :
le package 'keyring' a été compilé avec la version R 4.4.3 
[1] 0
[1] 0
ℹ️ Git repository already exists.
warning: in the working copy of 'setup_git_repo.log', LF will be replaced by CRLF the next time Git touches it
[1] 0
[main 32f930d] Auto commit: 2026-03-07 16:30
 2 files changed, 50 insertions(+), 3 deletions(-)
fatal: unable to access 'https://github.com/Go-toure/AFRO-SIA_Dashboard.git/': Could not resolve host: github.com

==============================
 GIT SYNC SUMMARY – AFRO-SIA Dashboard
==============================

      Metric            Count
       Added                0
    Modified                0
     Deleted                0
     Renamed                0
       Other                2
 Push Status         ⚠️ Failed
   Timestamp 2026-03-07 16:30

🚀 Git sync completed!
⚠️ Email failed to send. Retrying in 10 seconds...
❌ Email failed twice. Check internet or Gmail credentials.
[1] 0
[main af51f72] Updated git_sync_log.csv: 2026-03-07 16:30
 1 file changed, 1 insertion(+)
[1] 0
fatal: unable to access 'https://github.com/Go-toure/AFRO-SIA_Dashboard.git/': Could not resolve host: github.com
[1] 128
af51f72 Updated git_sync_log.csv: 2026-03-07 16:30
[1] 0
Message d'avis :
le package 'keyring' a été compilé avec la version R 4.4.3 
[1] 0
[1] 0
ℹ️ Git repository already exists.
warning: in the working copy of 'setup_git_repo.log', LF will be replaced by CRLF the next time Git touches it
[1] 0
[main 3eb06d3] Auto commit: 2026-03-10 09:30
 2 files changed, 35 insertions(+)
To https://github.com/Go-toure/AFRO-SIA_Dashboard.git
 ! [rejected]        main -> main (fetch first)
error: failed to push some refs to 'https://github.com/Go-toure/AFRO-SIA_Dashboard.git'
hint: Updates were rejected because the remote contains work that you do not
hint: have locally. This is usually caused by another repository pushing to
hint: the same ref. If you want to integrate the remote changes, use
hint: 'git pull' before pushing again.
hint: See the 'Note about fast-forwards' in 'git push --help' for details.

==============================
 GIT SYNC SUMMARY – AFRO-SIA Dashboard
==============================

      Metric            Count
       Added                0
    Modified                0
     Deleted                0
     Renamed                0
       Other                2
 Push Status         ⚠️ Failed
   Timestamp 2026-03-10 09:30

🚀 Git sync completed!
The email message was sent successfully.
✅ Email notification sent successfully.
[1] 0
[main a276384] Updated git_sync_log.csv: 2026-03-10 09:30
 1 file changed, 1 insertion(+)
[1] 0
To https://github.com/Go-toure/AFRO-SIA_Dashboard.git
 ! [rejected]        main -> main (fetch first)
error: failed to push some refs to 'https://github.com/Go-toure/AFRO-SIA_Dashboard.git'
hint: Updates were rejected because the remote contains work that you do not
hint: have locally. This is usually caused by another repository pushing to
hint: the same ref. If you want to integrate the remote changes, use
hint: 'git pull' before pushing again.
hint: See the 'Note about fast-forwards' in 'git push --help' for details.
[1] 1
a276384 Updated git_sync_log.csv: 2026-03-10 09:30
[1] 0
Message d'avis :
le package 'keyring' a été compilé avec la version R 4.4.3 
[1] 0
[1] 0
ℹ️ Git repository already exists.
warning: in the working copy of 'setup_git_repo.log', LF will be replaced by CRLF the next time Git touches it
[1] 0
[main 9048a58] Auto commit: 2026-03-10 16:30
 4 files changed, 13151 insertions(+), 389 deletions(-)
 create mode 100644 appdeep.R
To https://github.com/Go-toure/AFRO-SIA_Dashboard.git
 ! [rejected]        main -> main (fetch first)
error: failed to push some refs to 'https://github.com/Go-toure/AFRO-SIA_Dashboard.git'
hint: Updates were rejected because the remote contains work that you do not
hint: have locally. This is usually caused by another repository pushing to
hint: the same ref. If you want to integrate the remote changes, use
hint: 'git pull' before pushing again.
hint: See the 'Note about fast-forwards' in 'git push --help' for details.

==============================
 GIT SYNC SUMMARY – AFRO-SIA Dashboard
==============================

      Metric            Count
       Added                1
    Modified                0
     Deleted                0
     Renamed                0
       Other                3
 Push Status         ⚠️ Failed
   Timestamp 2026-03-10 16:30

🚀 Git sync completed!
The email message was sent successfully.
✅ Email notification sent successfully.
[1] 0
[main a8d1e69] Updated git_sync_log.csv: 2026-03-10 16:30
 1 file changed, 1 insertion(+)
[1] 0
To https://github.com/Go-toure/AFRO-SIA_Dashboard.git
 ! [rejected]        main -> main (fetch first)
error: failed to push some refs to 'https://github.com/Go-toure/AFRO-SIA_Dashboard.git'
hint: Updates were rejected because the remote contains work that you do not
hint: have locally. This is usually caused by another repository pushing to
hint: the same ref. If you want to integrate the remote changes, use
hint: 'git pull' before pushing again.
hint: See the 'Note about fast-forwards' in 'git push --help' for details.
[1] 1
a8d1e69 Updated git_sync_log.csv: 2026-03-10 16:30
[1] 0
Message d'avis :
le package 'keyring' a été compilé avec la version R 4.4.3 
[1] 0
[1] 0
ℹ️ Git repository already exists.
warning: in the working copy of 'setup_git_repo.log', LF will be replaced by CRLF the next time Git touches it
[1] 0
[main 9b8954f] Auto commit: 2026-03-12 16:30
 4 files changed, 11511 insertions(+), 71 deletions(-)
 create mode 100644 appdeep1.R
To https://github.com/Go-toure/AFRO-SIA_Dashboard.git
 ! [rejected]        main -> main (fetch first)
error: failed to push some refs to 'https://github.com/Go-toure/AFRO-SIA_Dashboard.git'
hint: Updates were rejected because the remote contains work that you do not
hint: have locally. This is usually caused by another repository pushing to
hint: the same ref. If you want to integrate the remote changes, use
hint: 'git pull' before pushing again.
hint: See the 'Note about fast-forwards' in 'git push --help' for details.

==============================
 GIT SYNC SUMMARY – AFRO-SIA Dashboard
==============================

      Metric            Count
       Added                1
    Modified                0
     Deleted                0
     Renamed                0
       Other                3
 Push Status         ⚠️ Failed
   Timestamp 2026-03-12 16:30

🚀 Git sync completed!
The email message was sent successfully.
✅ Email notification sent successfully.
[1] 0
[main 1a3f799] Updated git_sync_log.csv: 2026-03-12 16:30
 1 file changed, 1 insertion(+)
[1] 0
To https://github.com/Go-toure/AFRO-SIA_Dashboard.git
 ! [rejected]        main -> main (fetch first)
error: failed to push some refs to 'https://github.com/Go-toure/AFRO-SIA_Dashboard.git'
hint: Updates were rejected because the remote contains work that you do not
hint: have locally. This is usually caused by another repository pushing to
hint: the same ref. If you want to integrate the remote changes, use
hint: 'git pull' before pushing again.
hint: See the 'Note about fast-forwards' in 'git push --help' for details.
[1] 1
1a3f799 Updated git_sync_log.csv: 2026-03-12 16:30
[1] 0
Message d'avis :
le package 'keyring' a été compilé avec la version R 4.4.3 
[1] 0
[1] 0
ℹ️ Git repository already exists.
warning: in the working copy of 'setup_git_repo.log', LF will be replaced by CRLF the next time Git touches it
[1] 0
[main 60af09f] Auto commit: 2026-03-13 16:30
 6 files changed, 48530 insertions(+), 544 deletions(-)
 create mode 100644 appd5.R
 create mode 100644 appdeep2.R
 create mode 100644 appdeep3.R
 create mode 100644 appdeep4.R
To https://github.com/Go-toure/AFRO-SIA_Dashboard.git
 ! [rejected]        main -> main (fetch first)
error: failed to push some refs to 'https://github.com/Go-toure/AFRO-SIA_Dashboard.git'
hint: Updates were rejected because the remote contains work that you do not
hint: have locally. This is usually caused by another repository pushing to
hint: the same ref. If you want to integrate the remote changes, use
hint: 'git pull' before pushing again.
hint: See the 'Note about fast-forwards' in 'git push --help' for details.

==============================
 GIT SYNC SUMMARY – AFRO-SIA Dashboard
==============================

      Metric            Count
       Added                4
    Modified                0
     Deleted                0
     Renamed                0
       Other                2
 Push Status         ⚠️ Failed
   Timestamp 2026-03-13 16:30

🚀 Git sync completed!
The email message was sent successfully.
✅ Email notification sent successfully.
[1] 0
[main 6b2ae45] Updated git_sync_log.csv: 2026-03-13 16:30
 1 file changed, 1 insertion(+)
[1] 0
To https://github.com/Go-toure/AFRO-SIA_Dashboard.git
 ! [rejected]        main -> main (fetch first)
error: failed to push some refs to 'https://github.com/Go-toure/AFRO-SIA_Dashboard.git'
hint: Updates were rejected because the remote contains work that you do not
hint: have locally. This is usually caused by another repository pushing to
hint: the same ref. If you want to integrate the remote changes, use
hint: 'git pull' before pushing again.
hint: See the 'Note about fast-forwards' in 'git push --help' for details.
[1] 1
6b2ae45 Updated git_sync_log.csv: 2026-03-13 16:30
[1] 0
Message d'avis :
le package 'keyring' a été compilé avec la version R 4.4.3 
[1] 0
[1] 0
ℹ️ Git repository already exists.
warning: in the working copy of 'setup_git_repo.log', LF will be replaced by CRLF the next time Git touches it
[1] 0
[main c140739] Auto commit: 2026-03-14 16:30
 6 files changed, 47958 insertions(+), 22 deletions(-)
 create mode 100644 appd6.R
 create mode 100644 appd7_bon.R
 create mode 100644 appd8.R
 create mode 100644 appd9.R
To https://github.com/Go-toure/AFRO-SIA_Dashboard.git
 ! [rejected]        main -> main (fetch first)
error: failed to push some refs to 'https://github.com/Go-toure/AFRO-SIA_Dashboard.git'
hint: Updates were rejected because the remote contains work that you do not
hint: have locally. This is usually caused by another repository pushing to
hint: the same ref. If you want to integrate the remote changes, use
hint: 'git pull' before pushing again.
hint: See the 'Note about fast-forwards' in 'git push --help' for details.

==============================
 GIT SYNC SUMMARY – AFRO-SIA Dashboard
==============================

      Metric            Count
       Added                4
    Modified                0
     Deleted                0
     Renamed                0
       Other                2
 Push Status         ⚠️ Failed
   Timestamp 2026-03-14 16:30

🚀 Git sync completed!
The email message was sent successfully.
✅ Email notification sent successfully.
[1] 0
[main f32d2f6] Updated git_sync_log.csv: 2026-03-14 16:30
 1 file changed, 1 insertion(+)
[1] 0
To https://github.com/Go-toure/AFRO-SIA_Dashboard.git
 ! [rejected]        main -> main (fetch first)
error: failed to push some refs to 'https://github.com/Go-toure/AFRO-SIA_Dashboard.git'
hint: Updates were rejected because the remote contains work that you do not
hint: have locally. This is usually caused by another repository pushing to
hint: the same ref. If you want to integrate the remote changes, use
hint: 'git pull' before pushing again.
hint: See the 'Note about fast-forwards' in 'git push --help' for details.
[1] 1
f32d2f6 Updated git_sync_log.csv: 2026-03-14 16:30
[1] 0
Message d'avis :
le package 'keyring' a été compilé avec la version R 4.4.3 
[1] 0
[1] 0
ℹ️ Git repository already exists.
warning: in the working copy of '.Rhistory', LF will be replaced by CRLF the next time Git touches it
warning: in the working copy of 'setup_git_repo.log', LF will be replaced by CRLF the next time Git touches it
[1] 0
[main dae56d5] Auto commit: 2026-03-16 16:30
 19 files changed, 138553 insertions(+), 610 deletions(-)
 create mode 100644 app19.R
 create mode 100644 appd10.R
 create mode 100644 appd11.R
 create mode 100644 appd12.R
 create mode 100644 appd13_bon.R
 create mode 100644 appd14.R
 create mode 100644 appd15_bon.R
 create mode 100644 appd16_bon.R
 create mode 100644 appd17_BON.R
 create mode 100644 appd17_bon_bis.R
 create mode 100644 appd18.R
 delete mode 100644 input/AFRO_admin_data_vf2.rds
 delete mode 100644 input/country_summary.csv
 delete mode 100644 input/performance_summary.csv
To https://github.com/Go-toure/AFRO-SIA_Dashboard.git
 ! [rejected]        main -> main (fetch first)
error: failed to push some refs to 'https://github.com/Go-toure/AFRO-SIA_Dashboard.git'
hint: Updates were rejected because the remote contains work that you do not
hint: have locally. This is usually caused by another repository pushing to
hint: the same ref. If you want to integrate the remote changes, use
hint: 'git pull' before pushing again.
hint: See the 'Note about fast-forwards' in 'git push --help' for details.

==============================
 GIT SYNC SUMMARY – AFRO-SIA Dashboard
==============================

      Metric            Count
       Added               11
    Modified                0
     Deleted                0
     Renamed                0
       Other                8
 Push Status         ⚠️ Failed
   Timestamp 2026-03-16 16:30

🚀 Git sync completed!
The email message was sent successfully.
✅ Email notification sent successfully.
[1] 0
[main 7fefe64] Updated git_sync_log.csv: 2026-03-16 16:30
 1 file changed, 1 insertion(+)
[1] 0
To https://github.com/Go-toure/AFRO-SIA_Dashboard.git
 ! [rejected]        main -> main (fetch first)
error: failed to push some refs to 'https://github.com/Go-toure/AFRO-SIA_Dashboard.git'
hint: Updates were rejected because the remote contains work that you do not
hint: have locally. This is usually caused by another repository pushing to
hint: the same ref. If you want to integrate the remote changes, use
hint: 'git pull' before pushing again.
hint: See the 'Note about fast-forwards' in 'git push --help' for details.
[1] 1
7fefe64 Updated git_sync_log.csv: 2026-03-16 16:30
[1] 0
Message d'avis :
le package 'keyring' a été compilé avec la version R 4.4.3 
[1] 0
[1] 0
ℹ️ Git repository already exists.
warning: in the working copy of '.Rhistory', LF will be replaced by CRLF the next time Git touches it
warning: in the working copy of 'setup_git_repo.log', LF will be replaced by CRLF the next time Git touches it
[1] 0
[main 5ddaae8] Auto commit: 2026-03-18 16:30
 28 files changed, 3348 insertions(+), 257427 deletions(-)
 delete mode 100644 app19.R
 delete mode 100644 appd10.R
 delete mode 100644 appd11.R
 delete mode 100644 appd12.R
 delete mode 100644 appd13_bon.R
 delete mode 100644 appd14.R
 delete mode 100644 appd15_bon.R
 delete mode 100644 appd16_bon.R
 delete mode 100644 appd17_BON.R
 delete mode 100644 appd17_bon_bis.R
 delete mode 100644 appd18.R
 delete mode 100644 appd5.R
 delete mode 100644 appd6.R
 delete mode 100644 appd7_bon.R
 delete mode 100644 appd8.R
 delete mode 100644 appd9.R
 delete mode 100644 appdeep.R
 delete mode 100644 appdeep1.R
 delete mode 100644 appdeep2.R
 delete mode 100644 appdeep3.R
 delete mode 100644 appdeep4.R
 delete mode 100644 input/AFRO_LQAS_combined.rds
 delete mode 100644 input/LCB_LQAS_data_c.rds
To https://github.com/Go-toure/AFRO-SIA_Dashboard.git
 ! [rejected]        main -> main (fetch first)
error: failed to push some refs to 'https://github.com/Go-toure/AFRO-SIA_Dashboard.git'
hint: Updates were rejected because the remote contains work that you do not
hint: have locally. This is usually caused by another repository pushing to
hint: the same ref. If you want to integrate the remote changes, use
hint: 'git pull' before pushing again.
hint: See the 'Note about fast-forwards' in 'git push --help' for details.

==============================
 GIT SYNC SUMMARY – AFRO-SIA Dashboard
==============================

      Metric            Count
       Added                0
    Modified                0
     Deleted                0
     Renamed                0
       Other               28
 Push Status         ⚠️ Failed
   Timestamp 2026-03-18 16:30

🚀 Git sync completed!
The email message was sent successfully.
✅ Email notification sent successfully.
[1] 0
[main cb3b823] Updated git_sync_log.csv: 2026-03-18 16:30
 1 file changed, 1 insertion(+)
[1] 0
To https://github.com/Go-toure/AFRO-SIA_Dashboard.git
 ! [rejected]        main -> main (fetch first)
error: failed to push some refs to 'https://github.com/Go-toure/AFRO-SIA_Dashboard.git'
hint: Updates were rejected because the remote contains work that you do not
hint: have locally. This is usually caused by another repository pushing to
hint: the same ref. If you want to integrate the remote changes, use
hint: 'git pull' before pushing again.
hint: See the 'Note about fast-forwards' in 'git push --help' for details.
[1] 1
cb3b823 Updated git_sync_log.csv: 2026-03-18 16:30
[1] 0
Message d'avis :
le package 'keyring' a été compilé avec la version R 4.4.3 
[1] 0
[1] 0
ℹ️ Git repository already exists.
warning: in the working copy of 'setup_git_repo.log', LF will be replaced by CRLF the next time Git touches it
[1] 0
[main 6640951] Auto commit: 2026-03-20 16:30
 3 files changed, 150 insertions(+)
 create mode 100644 ci/check_app.R
 create mode 100644 ci/deploy_connect.R
fatal: unable to access 'https://github.com/Go-toure/AFRO-SIA_Dashboard.git/': Could not resolve host: github.com

==============================
 GIT SYNC SUMMARY – AFRO-SIA Dashboard
==============================

      Metric            Count
       Added                2
    Modified                0
     Deleted                0
     Renamed                0
       Other                1
 Push Status         ⚠️ Failed
   Timestamp 2026-03-20 16:30

🚀 Git sync completed!
⚠️ Email failed to send. Retrying in 10 seconds...
❌ Email failed twice. Check internet or Gmail credentials.
[1] 0
[main 5bb657f] Updated git_sync_log.csv: 2026-03-20 16:30
 1 file changed, 1 insertion(+)
[1] 0
fatal: unable to access 'https://github.com/Go-toure/AFRO-SIA_Dashboard.git/': Could not resolve host: github.com
[1] 128
5bb657f Updated git_sync_log.csv: 2026-03-20 16:30
[1] 0
Message d'avis :
le package 'keyring' a été compilé avec la version R 4.4.3 
[1] 0
[1] 0
ℹ️ Git repository already exists.
warning: in the working copy of 'setup_git_repo.log', LF will be replaced by CRLF the next time Git touches it
[1] 0
[main b7e4eeb] Auto commit: 2026-03-21 16:30
 1 file changed, 37 insertions(+)
To https://github.com/Go-toure/AFRO-SIA_Dashboard.git
 ! [rejected]        main -> main (fetch first)
error: failed to push some refs to 'https://github.com/Go-toure/AFRO-SIA_Dashboard.git'
hint: Updates were rejected because the remote contains work that you do not
hint: have locally. This is usually caused by another repository pushing to
hint: the same ref. If you want to integrate the remote changes, use
hint: 'git pull' before pushing again.
hint: See the 'Note about fast-forwards' in 'git push --help' for details.

==============================
 GIT SYNC SUMMARY – AFRO-SIA Dashboard
==============================

      Metric            Count
       Added                0
    Modified                0
     Deleted                0
     Renamed                0
       Other                1
 Push Status         ⚠️ Failed
   Timestamp 2026-03-21 16:30

🚀 Git sync completed!
The email message was sent successfully.
✅ Email notification sent successfully.
[1] 0
[main 510c7ac] Updated git_sync_log.csv: 2026-03-21 16:30
 1 file changed, 1 insertion(+)
[1] 0
To https://github.com/Go-toure/AFRO-SIA_Dashboard.git
 ! [rejected]        main -> main (fetch first)
error: failed to push some refs to 'https://github.com/Go-toure/AFRO-SIA_Dashboard.git'
hint: Updates were rejected because the remote contains work that you do not
hint: have locally. This is usually caused by another repository pushing to
hint: the same ref. If you want to integrate the remote changes, use
hint: 'git pull' before pushing again.
hint: See the 'Note about fast-forwards' in 'git push --help' for details.
[1] 1
510c7ac Updated git_sync_log.csv: 2026-03-21 16:30
[1] 0
Message d'avis :
le package 'keyring' a été compilé avec la version R 4.4.3 
[1] 0
[1] 0
ℹ️ Git repository already exists.
warning: in the working copy of 'setup_git_repo.log', LF will be replaced by CRLF the next time Git touches it
[1] 0
[main 9aa735f] Auto commit: 2026-03-24 16:30
 5 files changed, 176 insertions(+), 6 deletions(-)
 create mode 100644 auto_publish_dashboard.R
To https://github.com/Go-toure/AFRO-SIA_Dashboard.git
 ! [rejected]        main -> main (non-fast-forward)
error: failed to push some refs to 'https://github.com/Go-toure/AFRO-SIA_Dashboard.git'
hint: Updates were rejected because the tip of your current branch is behind
hint: its remote counterpart. If you want to integrate the remote changes,
hint: use 'git pull' before pushing again.
hint: See the 'Note about fast-forwards' in 'git push --help' for details.

==============================
 GIT SYNC SUMMARY – AFRO-SIA Dashboard
==============================

      Metric            Count
       Added                1
    Modified                0
     Deleted                0
     Renamed                0
       Other                4
 Push Status         ⚠️ Failed
   Timestamp 2026-03-24 16:30

🚀 Git sync completed!
The email message was sent successfully.
✅ Email notification sent successfully.
[1] 0
[main e3dbd2f] Updated git_sync_log.csv: 2026-03-24 16:30
 1 file changed, 1 insertion(+)
[1] 0
To https://github.com/Go-toure/AFRO-SIA_Dashboard.git
 ! [rejected]        main -> main (non-fast-forward)
error: failed to push some refs to 'https://github.com/Go-toure/AFRO-SIA_Dashboard.git'
hint: Updates were rejected because the tip of your current branch is behind
hint: its remote counterpart. If you want to integrate the remote changes,
hint: use 'git pull' before pushing again.
hint: See the 'Note about fast-forwards' in 'git push --help' for details.
[1] 1
e3dbd2f Updated git_sync_log.csv: 2026-03-24 16:30
[1] 0
Message d'avis :
le package 'keyring' a été compilé avec la version R 4.4.3 
[1] 0
[1] 0
ℹ️ Git repository already exists.
warning: in the working copy of '.Rhistory', LF will be replaced by CRLF the next time Git touches it
warning: in the working copy of 'setup_git_repo.log', LF will be replaced by CRLF the next time Git touches it
[1] 0
[main 02b662e] Auto commit: 2026-03-25 16:30
 4 files changed, 84 insertions(+), 7 deletions(-)
To https://github.com/Go-toure/AFRO-SIA_Dashboard.git
 ! [rejected]        main -> main (non-fast-forward)
error: failed to push some refs to 'https://github.com/Go-toure/AFRO-SIA_Dashboard.git'
hint: Updates were rejected because the tip of your current branch is behind
hint: its remote counterpart. If you want to integrate the remote changes,
hint: use 'git pull' before pushing again.
hint: See the 'Note about fast-forwards' in 'git push --help' for details.

==============================
 GIT SYNC SUMMARY – AFRO-SIA Dashboard
==============================

      Metric            Count
       Added                0
    Modified                0
     Deleted                0
     Renamed                0
       Other                4
 Push Status         ⚠️ Failed
   Timestamp 2026-03-25 16:30

🚀 Git sync completed!
The email message was sent successfully.
✅ Email notification sent successfully.
[1] 0
[main 452c403] Updated git_sync_log.csv: 2026-03-25 16:30
 1 file changed, 1 insertion(+)
[1] 0
To https://github.com/Go-toure/AFRO-SIA_Dashboard.git
 ! [rejected]        main -> main (non-fast-forward)
error: failed to push some refs to 'https://github.com/Go-toure/AFRO-SIA_Dashboard.git'
hint: Updates were rejected because the tip of your current branch is behind
hint: its remote counterpart. If you want to integrate the remote changes,
hint: use 'git pull' before pushing again.
hint: See the 'Note about fast-forwards' in 'git push --help' for details.
[1] 1
452c403 Updated git_sync_log.csv: 2026-03-25 16:30
[1] 0
Message d'avis :
le package 'keyring' a été compilé avec la version R 4.4.3 
[1] 0
[1] 0
ℹ️ Git repository already exists.
warning: in the working copy of 'setup_git_repo.log', LF will be replaced by CRLF the next time Git touches it
[1] 0
[main 7d693b0] Auto commit: 2026-03-26 16:30
 3 files changed, 77 insertions(+), 1 deletion(-)
To https://github.com/Go-toure/AFRO-SIA_Dashboard.git
 ! [rejected]        main -> main (non-fast-forward)
error: failed to push some refs to 'https://github.com/Go-toure/AFRO-SIA_Dashboard.git'
hint: Updates were rejected because the tip of your current branch is behind
hint: its remote counterpart. If you want to integrate the remote changes,
hint: use 'git pull' before pushing again.
hint: See the 'Note about fast-forwards' in 'git push --help' for details.

==============================
 GIT SYNC SUMMARY – AFRO-SIA Dashboard
==============================

      Metric            Count
       Added                0
    Modified                0
     Deleted                0
     Renamed                0
       Other                3
 Push Status         ⚠️ Failed
   Timestamp 2026-03-26 16:30

🚀 Git sync completed!
The email message was sent successfully.
✅ Email notification sent successfully.
[1] 0
[main e23d787] Updated git_sync_log.csv: 2026-03-26 16:30
 1 file changed, 1 insertion(+)
[1] 0
To https://github.com/Go-toure/AFRO-SIA_Dashboard.git
 ! [rejected]        main -> main (non-fast-forward)
error: failed to push some refs to 'https://github.com/Go-toure/AFRO-SIA_Dashboard.git'
hint: Updates were rejected because the tip of your current branch is behind
hint: its remote counterpart. If you want to integrate the remote changes,
hint: use 'git pull' before pushing again.
hint: See the 'Note about fast-forwards' in 'git push --help' for details.
[1] 1
e23d787 Updated git_sync_log.csv: 2026-03-26 16:30
[1] 0
Message d'avis :
le package 'keyring' a été compilé avec la version R 4.4.3 
[1] 0
[1] 0
ℹ️ Git repository already exists.
warning: in the working copy of 'setup_git_repo.log', LF will be replaced by CRLF the next time Git touches it
[1] 0
[main 58e256a] Auto commit: 2026-03-28 16:30
 3 files changed, 59 insertions(+), 1 deletion(-)
To https://github.com/Go-toure/AFRO-SIA_Dashboard.git
 ! [rejected]        main -> main (non-fast-forward)
error: failed to push some refs to 'https://github.com/Go-toure/AFRO-SIA_Dashboard.git'
hint: Updates were rejected because the tip of your current branch is behind
hint: its remote counterpart. If you want to integrate the remote changes,
hint: use 'git pull' before pushing again.
hint: See the 'Note about fast-forwards' in 'git push --help' for details.

==============================
 GIT SYNC SUMMARY – AFRO-SIA Dashboard
==============================

      Metric            Count
       Added                0
    Modified                0
     Deleted                0
     Renamed                0
       Other                3
 Push Status         ⚠️ Failed
   Timestamp 2026-03-28 16:30

🚀 Git sync completed!
The email message was sent successfully.
✅ Email notification sent successfully.
[1] 0
[main a301f72] Updated git_sync_log.csv: 2026-03-28 16:30
 1 file changed, 1 insertion(+)
[1] 0
To https://github.com/Go-toure/AFRO-SIA_Dashboard.git
 ! [rejected]        main -> main (non-fast-forward)
error: failed to push some refs to 'https://github.com/Go-toure/AFRO-SIA_Dashboard.git'
hint: Updates were rejected because the tip of your current branch is behind
hint: its remote counterpart. If you want to integrate the remote changes,
hint: use 'git pull' before pushing again.
hint: See the 'Note about fast-forwards' in 'git push --help' for details.
[1] 1
a301f72 Updated git_sync_log.csv: 2026-03-28 16:30
[1] 0
Message d'avis :
le package 'keyring' a été compilé avec la version R 4.4.3 
[1] 0
[1] 0
ℹ️ Git repository already exists.
warning: in the working copy of 'setup_git_repo.log', LF will be replaced by CRLF the next time Git touches it
[1] 0
[main 8fa7661] Auto commit: 2026-03-29 16:30
 3 files changed, 77 insertions(+), 1 deletion(-)
fatal: unable to access 'https://github.com/Go-toure/AFRO-SIA_Dashboard.git/': Could not resolve host: github.com

==============================
 GIT SYNC SUMMARY – AFRO-SIA Dashboard
==============================

      Metric            Count
       Added                0
    Modified                0
     Deleted                0
     Renamed                0
       Other                3
 Push Status         ⚠️ Failed
   Timestamp 2026-03-29 16:30

🚀 Git sync completed!
⚠️ Email failed to send. Retrying in 10 seconds...
❌ Email failed twice. Check internet or Gmail credentials.
[1] 0
[main fe8c994] Updated git_sync_log.csv: 2026-03-29 16:30
 1 file changed, 1 insertion(+)
[1] 0
fatal: unable to access 'https://github.com/Go-toure/AFRO-SIA_Dashboard.git/': Could not resolve host: github.com
[1] 128
fe8c994 Updated git_sync_log.csv: 2026-03-29 16:30
[1] 0
Message d'avis :
le package 'keyring' a été compilé avec la version R 4.4.3 
[1] 0
[1] 0
ℹ️ Git repository already exists.
warning: in the working copy of 'setup_git_repo.log', LF will be replaced by CRLF the next time Git touches it
[1] 0
[main 8da8b74] Auto commit: 2026-03-30 16:30
 3 files changed, 63 insertions(+), 1 deletion(-)
To https://github.com/Go-toure/AFRO-SIA_Dashboard.git
 ! [rejected]        main -> main (non-fast-forward)
error: failed to push some refs to 'https://github.com/Go-toure/AFRO-SIA_Dashboard.git'
hint: Updates were rejected because the tip of your current branch is behind
hint: its remote counterpart. If you want to integrate the remote changes,
hint: use 'git pull' before pushing again.
hint: See the 'Note about fast-forwards' in 'git push --help' for details.

==============================
 GIT SYNC SUMMARY – AFRO-SIA Dashboard
==============================

      Metric            Count
       Added                0
    Modified                0
     Deleted                0
     Renamed                0
       Other                3
 Push Status         ⚠️ Failed
   Timestamp 2026-03-30 16:30

🚀 Git sync completed!
The email message was sent successfully.
✅ Email notification sent successfully.
[1] 0
[main cb818fe] Updated git_sync_log.csv: 2026-03-30 16:30
 1 file changed, 1 insertion(+)
[1] 0
To https://github.com/Go-toure/AFRO-SIA_Dashboard.git
 ! [rejected]        main -> main (non-fast-forward)
error: failed to push some refs to 'https://github.com/Go-toure/AFRO-SIA_Dashboard.git'
hint: Updates were rejected because the tip of your current branch is behind
hint: its remote counterpart. If you want to integrate the remote changes,
hint: use 'git pull' before pushing again.
hint: See the 'Note about fast-forwards' in 'git push --help' for details.
[1] 1
cb818fe Updated git_sync_log.csv: 2026-03-30 16:30
[1] 0
Message d'avis :
le package 'keyring' a été compilé avec la version R 4.4.3 
[1] 0
[1] 0
ℹ️ Git repository already exists.
warning: in the working copy of 'setup_git_repo.log', LF will be replaced by CRLF the next time Git touches it
[1] 0
[main 754e743] Auto commit: 2026-04-07 16:52
 3 files changed, 102 insertions(+), 1 deletion(-)
To https://github.com/Go-toure/AFRO-SIA_Dashboard.git
 ! [rejected]        main -> main (non-fast-forward)
error: failed to push some refs to 'https://github.com/Go-toure/AFRO-SIA_Dashboard.git'
hint: Updates were rejected because the tip of your current branch is behind
hint: its remote counterpart. If you want to integrate the remote changes,
hint: use 'git pull' before pushing again.
hint: See the 'Note about fast-forwards' in 'git push --help' for details.

==============================
 GIT SYNC SUMMARY – AFRO-SIA Dashboard
==============================

      Metric            Count
       Added                0
    Modified                0
     Deleted                0
     Renamed                0
       Other                3
 Push Status         ⚠️ Failed
   Timestamp 2026-04-07 16:53

🚀 Git sync completed!
The email message was sent successfully.
✅ Email notification sent successfully.
[1] 0
[main b0872e9] Updated git_sync_log.csv: 2026-04-07 16:53
 1 file changed, 1 insertion(+)
[1] 0
To https://github.com/Go-toure/AFRO-SIA_Dashboard.git
 ! [rejected]        main -> main (non-fast-forward)
error: failed to push some refs to 'https://github.com/Go-toure/AFRO-SIA_Dashboard.git'
hint: Updates were rejected because the tip of your current branch is behind
hint: its remote counterpart. If you want to integrate the remote changes,
hint: use 'git pull' before pushing again.
hint: See the 'Note about fast-forwards' in 'git push --help' for details.
[1] 1
b0872e9 Updated git_sync_log.csv: 2026-04-07 16:53
[1] 0
Message d'avis :
le package 'keyring' a été compilé avec la version R 4.4.3 
[1] 0
[1] 0
ℹ️ Git repository already exists.
warning: in the working copy of 'setup_git_repo.log', LF will be replaced by CRLF the next time Git touches it
[1] 0
[main c8aab99] Auto commit: 2026-04-08 18:44
 6 files changed, 48 insertions(+), 1 deletion(-)
 create mode 100644 input/AFRO_LQAS_combined.rds
 create mode 100644 input/AFRO_admin_data_vf2.rds
fatal: unable to access 'https://github.com/Go-toure/AFRO-SIA_Dashboard.git/': Could not resolve host: github.com

==============================
 GIT SYNC SUMMARY – AFRO-SIA Dashboard
==============================

      Metric            Count
       Added                2
    Modified                0
     Deleted                0
     Renamed                0
       Other                4
 Push Status         ⚠️ Failed
   Timestamp 2026-04-08 18:44

🚀 Git sync completed!
⚠️ Email failed to send. Retrying in 10 seconds...
❌ Email failed twice. Check internet or Gmail credentials.
[1] 0
[main 7e611cc] Updated git_sync_log.csv: 2026-04-08 18:44
 1 file changed, 1 insertion(+)
[1] 0
fatal: unable to access 'https://github.com/Go-toure/AFRO-SIA_Dashboard.git/': Could not resolve host: github.com
[1] 128
7e611cc Updated git_sync_log.csv: 2026-04-08 18:44
[1] 0
Message d'avis :
le package 'keyring' a été compilé avec la version R 4.4.3 
[1] 0
[1] 0
ℹ️ Git repository already exists.
warning: in the working copy of 'setup_git_repo.log', LF will be replaced by CRLF the next time Git touches it
[1] 0
[main 6c4c5a7] Auto commit: 2026-04-09 16:30
 3 files changed, 65 insertions(+), 1 deletion(-)
To https://github.com/Go-toure/AFRO-SIA_Dashboard.git
 ! [rejected]        main -> main (non-fast-forward)
error: failed to push some refs to 'https://github.com/Go-toure/AFRO-SIA_Dashboard.git'
hint: Updates were rejected because the tip of your current branch is behind
hint: its remote counterpart. If you want to integrate the remote changes,
hint: use 'git pull' before pushing again.
hint: See the 'Note about fast-forwards' in 'git push --help' for details.

==============================
 GIT SYNC SUMMARY – AFRO-SIA Dashboard
==============================

      Metric            Count
       Added                0
    Modified                0
     Deleted                0
     Renamed                0
       Other                3
 Push Status         ⚠️ Failed
   Timestamp 2026-04-09 16:30

🚀 Git sync completed!
The email message was sent successfully.
✅ Email notification sent successfully.
[1] 0
[main 66ac22b] Updated git_sync_log.csv: 2026-04-09 16:30
 1 file changed, 1 insertion(+)
[1] 0
To https://github.com/Go-toure/AFRO-SIA_Dashboard.git
 ! [rejected]        main -> main (non-fast-forward)
error: failed to push some refs to 'https://github.com/Go-toure/AFRO-SIA_Dashboard.git'
hint: Updates were rejected because the tip of your current branch is behind
hint: its remote counterpart. If you want to integrate the remote changes,
hint: use 'git pull' before pushing again.
hint: See the 'Note about fast-forwards' in 'git push --help' for details.
[1] 1
66ac22b Updated git_sync_log.csv: 2026-04-09 16:30
[1] 0
Message d'avis :
le package 'keyring' a été compilé avec la version R 4.4.3 
[1] 0
[1] 0
ℹ️ Git repository already exists.
warning: in the working copy of 'setup_git_repo.log', LF will be replaced by CRLF the next time Git touches it
[1] 0
[main 4cee307] Auto commit: 2026-04-10 16:33
 3 files changed, 75 insertions(+), 1 deletion(-)
To https://github.com/Go-toure/AFRO-SIA_Dashboard.git
 ! [rejected]        main -> main (non-fast-forward)
error: failed to push some refs to 'https://github.com/Go-toure/AFRO-SIA_Dashboard.git'
hint: Updates were rejected because the tip of your current branch is behind
hint: its remote counterpart. If you want to integrate the remote changes,
hint: use 'git pull' before pushing again.
hint: See the 'Note about fast-forwards' in 'git push --help' for details.

==============================
 GIT SYNC SUMMARY – AFRO-SIA Dashboard
==============================

      Metric            Count
       Added                0
    Modified                0
     Deleted                0
     Renamed                0
       Other                3
 Push Status         ⚠️ Failed
   Timestamp 2026-04-10 16:33

🚀 Git sync completed!
The email message was sent successfully.
✅ Email notification sent successfully.
[1] 0
[main 125f5a0] Updated git_sync_log.csv: 2026-04-10 16:34
 1 file changed, 1 insertion(+)
[1] 0
To https://github.com/Go-toure/AFRO-SIA_Dashboard.git
 ! [rejected]        main -> main (non-fast-forward)
error: failed to push some refs to 'https://github.com/Go-toure/AFRO-SIA_Dashboard.git'
hint: Updates were rejected because the tip of your current branch is behind
hint: its remote counterpart. If you want to integrate the remote changes,
hint: use 'git pull' before pushing again.
hint: See the 'Note about fast-forwards' in 'git push --help' for details.
[1] 1
125f5a0 Updated git_sync_log.csv: 2026-04-10 16:34
[1] 0
Message d'avis :
le package 'keyring' a été compilé avec la version R 4.4.3 
[1] 0
[1] 0
ℹ️ Git repository already exists.
warning: in the working copy of 'setup_git_repo.log', LF will be replaced by CRLF the next time Git touches it
[1] 0
[main 6a17b61] Auto commit: 2026-04-13 16:30
 2 files changed, 48 insertions(+), 1 deletion(-)
To https://github.com/Go-toure/AFRO-SIA_Dashboard.git
 ! [rejected]        main -> main (non-fast-forward)
error: failed to push some refs to 'https://github.com/Go-toure/AFRO-SIA_Dashboard.git'
hint: Updates were rejected because the tip of your current branch is behind
hint: its remote counterpart. If you want to integrate the remote changes,
hint: use 'git pull' before pushing again.
hint: See the 'Note about fast-forwards' in 'git push --help' for details.

==============================
 GIT SYNC SUMMARY – AFRO-SIA Dashboard
==============================

      Metric            Count
       Added                0
    Modified                0
     Deleted                0
     Renamed                0
       Other                2
 Push Status         ⚠️ Failed
   Timestamp 2026-04-13 16:30

🚀 Git sync completed!
The email message was sent successfully.
✅ Email notification sent successfully.
[1] 0
[main 9f08a06] Updated git_sync_log.csv: 2026-04-13 16:30
 1 file changed, 1 insertion(+)
[1] 0
To https://github.com/Go-toure/AFRO-SIA_Dashboard.git
 ! [rejected]        main -> main (non-fast-forward)
error: failed to push some refs to 'https://github.com/Go-toure/AFRO-SIA_Dashboard.git'
hint: Updates were rejected because the tip of your current branch is behind
hint: its remote counterpart. If you want to integrate the remote changes,
hint: use 'git pull' before pushing again.
hint: See the 'Note about fast-forwards' in 'git push --help' for details.
[1] 1
9f08a06 Updated git_sync_log.csv: 2026-04-13 16:30
[1] 0
Message d'avis :
le package 'keyring' a été compilé avec la version R 4.4.3 
[1] 0
[1] 0
ℹ️ Git repository already exists.
warning: in the working copy of 'setup_git_repo.log', LF will be replaced by CRLF the next time Git touches it
[1] 0
[main ea9fd95] Auto commit: 2026-04-14 16:30
 3 files changed, 75 insertions(+), 1 deletion(-)
To https://github.com/Go-toure/AFRO-SIA_Dashboard.git
 ! [rejected]        main -> main (non-fast-forward)
error: failed to push some refs to 'https://github.com/Go-toure/AFRO-SIA_Dashboard.git'
hint: Updates were rejected because the tip of your current branch is behind
hint: its remote counterpart. If you want to integrate the remote changes,
hint: use 'git pull' before pushing again.
hint: See the 'Note about fast-forwards' in 'git push --help' for details.

==============================
 GIT SYNC SUMMARY – AFRO-SIA Dashboard
==============================

      Metric            Count
       Added                0
    Modified                0
     Deleted                0
     Renamed                0
       Other                3
 Push Status         ⚠️ Failed
   Timestamp 2026-04-14 16:30

🚀 Git sync completed!
The email message was sent successfully.
✅ Email notification sent successfully.
[1] 0
[main e1897b6] Updated git_sync_log.csv: 2026-04-14 16:30
 1 file changed, 1 insertion(+)
[1] 0
To https://github.com/Go-toure/AFRO-SIA_Dashboard.git
 ! [rejected]        main -> main (non-fast-forward)
error: failed to push some refs to 'https://github.com/Go-toure/AFRO-SIA_Dashboard.git'
hint: Updates were rejected because the tip of your current branch is behind
hint: its remote counterpart. If you want to integrate the remote changes,
hint: use 'git pull' before pushing again.
hint: See the 'Note about fast-forwards' in 'git push --help' for details.
[1] 1
e1897b6 Updated git_sync_log.csv: 2026-04-14 16:30
[1] 0
Message d'avis :
le package 'keyring' a été compilé avec la version R 4.4.3 
[1] 0
[1] 0
ℹ️ Git repository already exists.
warning: in the working copy of 'setup_git_repo.log', LF will be replaced by CRLF the next time Git touches it
[1] 0
[main 0742315] Auto commit: 2026-04-15 16:30
 3 files changed, 77 insertions(+), 1 deletion(-)
To https://github.com/Go-toure/AFRO-SIA_Dashboard.git
 ! [rejected]        main -> main (non-fast-forward)
error: failed to push some refs to 'https://github.com/Go-toure/AFRO-SIA_Dashboard.git'
hint: Updates were rejected because the tip of your current branch is behind
hint: its remote counterpart. If you want to integrate the remote changes,
hint: use 'git pull' before pushing again.
hint: See the 'Note about fast-forwards' in 'git push --help' for details.

==============================
 GIT SYNC SUMMARY – AFRO-SIA Dashboard
==============================

      Metric            Count
       Added                0
    Modified                0
     Deleted                0
     Renamed                0
       Other                3
 Push Status         ⚠️ Failed
   Timestamp 2026-04-15 16:30

🚀 Git sync completed!
The email message was sent successfully.
✅ Email notification sent successfully.
[1] 0
[main 6e7edff] Updated git_sync_log.csv: 2026-04-15 16:30
 1 file changed, 1 insertion(+)
[1] 0
To https://github.com/Go-toure/AFRO-SIA_Dashboard.git
 ! [rejected]        main -> main (non-fast-forward)
error: failed to push some refs to 'https://github.com/Go-toure/AFRO-SIA_Dashboard.git'
hint: Updates were rejected because the tip of your current branch is behind
hint: its remote counterpart. If you want to integrate the remote changes,
hint: use 'git pull' before pushing again.
hint: See the 'Note about fast-forwards' in 'git push --help' for details.
[1] 1
6e7edff Updated git_sync_log.csv: 2026-04-15 16:30
[1] 0
Message d'avis :
le package 'keyring' a été compilé avec la version R 4.4.3 
[1] 0
[1] 0
ℹ️ Git repository already exists.
warning: in the working copy of 'setup_git_repo.log', LF will be replaced by CRLF the next time Git touches it
[1] 0
[main d92903b] Auto commit: 2026-04-16 16:30
 3 files changed, 76 insertions(+), 1 deletion(-)
To https://github.com/Go-toure/AFRO-SIA_Dashboard.git
 ! [rejected]        main -> main (non-fast-forward)
error: failed to push some refs to 'https://github.com/Go-toure/AFRO-SIA_Dashboard.git'
hint: Updates were rejected because the tip of your current branch is behind
hint: its remote counterpart. If you want to integrate the remote changes,
hint: use 'git pull' before pushing again.
hint: See the 'Note about fast-forwards' in 'git push --help' for details.

==============================
 GIT SYNC SUMMARY – AFRO-SIA Dashboard
==============================

      Metric            Count
       Added                0
    Modified                0
     Deleted                0
     Renamed                0
       Other                3
 Push Status         ⚠️ Failed
   Timestamp 2026-04-16 16:30

🚀 Git sync completed!
The email message was sent successfully.
✅ Email notification sent successfully.
[1] 0
[main 498cce3] Updated git_sync_log.csv: 2026-04-16 16:30
 1 file changed, 1 insertion(+)
[1] 0
To https://github.com/Go-toure/AFRO-SIA_Dashboard.git
 ! [rejected]        main -> main (non-fast-forward)
error: failed to push some refs to 'https://github.com/Go-toure/AFRO-SIA_Dashboard.git'
hint: Updates were rejected because the tip of your current branch is behind
hint: its remote counterpart. If you want to integrate the remote changes,
hint: use 'git pull' before pushing again.
hint: See the 'Note about fast-forwards' in 'git push --help' for details.
[1] 1
498cce3 Updated git_sync_log.csv: 2026-04-16 16:30
[1] 0
Message d'avis :
le package 'keyring' a été compilé avec la version R 4.4.3 
[1] 0
[1] 0
ℹ️ Git repository already exists.
warning: in the working copy of 'setup_git_repo.log', LF will be replaced by CRLF the next time Git touches it
[1] 0
[main 7569a46] Auto commit: 2026-04-17 16:30
 3 files changed, 75 insertions(+), 1 deletion(-)
To https://github.com/Go-toure/AFRO-SIA_Dashboard.git
 ! [rejected]        main -> main (non-fast-forward)
error: failed to push some refs to 'https://github.com/Go-toure/AFRO-SIA_Dashboard.git'
hint: Updates were rejected because the tip of your current branch is behind
hint: its remote counterpart. If you want to integrate the remote changes,
hint: use 'git pull' before pushing again.
hint: See the 'Note about fast-forwards' in 'git push --help' for details.

==============================
 GIT SYNC SUMMARY – AFRO-SIA Dashboard
==============================

      Metric            Count
       Added                0
    Modified                0
     Deleted                0
     Renamed                0
       Other                3
 Push Status         ⚠️ Failed
   Timestamp 2026-04-17 16:30

🚀 Git sync completed!
The email message was sent successfully.
✅ Email notification sent successfully.
[1] 0
[main 599288b] Updated git_sync_log.csv: 2026-04-17 16:30
 1 file changed, 1 insertion(+)
[1] 0
To https://github.com/Go-toure/AFRO-SIA_Dashboard.git
 ! [rejected]        main -> main (non-fast-forward)
error: failed to push some refs to 'https://github.com/Go-toure/AFRO-SIA_Dashboard.git'
hint: Updates were rejected because the tip of your current branch is behind
hint: its remote counterpart. If you want to integrate the remote changes,
hint: use 'git pull' before pushing again.
hint: See the 'Note about fast-forwards' in 'git push --help' for details.
[1] 1
599288b Updated git_sync_log.csv: 2026-04-17 16:30
[1] 0
Message d'avis :
le package 'keyring' a été compilé avec la version R 4.4.3 
[1] 0
[1] 0
ℹ️ Git repository already exists.
warning: in the working copy of 'setup_git_repo.log', LF will be replaced by CRLF the next time Git touches it
[1] 0
[main d6ace4e] Auto commit: 2026-04-18 17:24
 2 files changed, 48 insertions(+), 1 deletion(-)
fatal: unable to access 'https://github.com/Go-toure/AFRO-SIA_Dashboard.git/': Could not resolve host: github.com

==============================
 GIT SYNC SUMMARY – AFRO-SIA Dashboard
==============================

      Metric            Count
       Added                0
    Modified                0
     Deleted                0
     Renamed                0
       Other                2
 Push Status         ⚠️ Failed
   Timestamp 2026-04-18 17:24

🚀 Git sync completed!
⚠️ Email failed to send. Retrying in 10 seconds...
❌ Email failed twice. Check internet or Gmail credentials.
[1] 0
[main 563c75d] Updated git_sync_log.csv: 2026-04-18 17:24
 1 file changed, 1 insertion(+)
[1] 0
fatal: unable to access 'https://github.com/Go-toure/AFRO-SIA_Dashboard.git/': Could not resolve host: github.com
[1] 128
563c75d Updated git_sync_log.csv: 2026-04-18 17:24
[1] 0
Message d'avis :
le package 'keyring' a été compilé avec la version R 4.4.3 
[1] 0
[1] 0
ℹ️ Git repository already exists.
warning: in the working copy of 'setup_git_repo.log', LF will be replaced by CRLF the next time Git touches it
[1] 0
[main 5b76510] Auto commit: 2026-04-19 22:59
 1 file changed, 35 insertions(+)
fatal: unable to access 'https://github.com/Go-toure/AFRO-SIA_Dashboard.git/': Could not resolve host: github.com

==============================
 GIT SYNC SUMMARY – AFRO-SIA Dashboard
==============================

      Metric            Count
       Added                0
    Modified                0
     Deleted                0
     Renamed                0
       Other                1
 Push Status         ⚠️ Failed
   Timestamp 2026-04-19 22:59

🚀 Git sync completed!
⚠️ Email failed to send. Retrying in 10 seconds...
❌ Email failed twice. Check internet or Gmail credentials.
[1] 0
[main 82db4ec] Updated git_sync_log.csv: 2026-04-19 22:59
 1 file changed, 1 insertion(+)
[1] 0
fatal: unable to access 'https://github.com/Go-toure/AFRO-SIA_Dashboard.git/': Could not resolve host: github.com
[1] 128
82db4ec Updated git_sync_log.csv: 2026-04-19 22:59
[1] 0
Message d'avis :
le package 'keyring' a été compilé avec la version R 4.4.3 
[1] 0
[1] 0
ℹ️ Git repository already exists.
warning: in the working copy of 'setup_git_repo.log', LF will be replaced by CRLF the next time Git touches it
[1] 0
[main 91b6195] Auto commit: 2026-04-22 16:30
 2 files changed, 80 insertions(+)
fatal: unable to access 'https://github.com/Go-toure/AFRO-SIA_Dashboard.git/': Could not resolve host: github.com

==============================
 GIT SYNC SUMMARY – AFRO-SIA Dashboard
==============================

      Metric            Count
       Added                0
    Modified                0
     Deleted                0
     Renamed                0
       Other                2
 Push Status         ⚠️ Failed
   Timestamp 2026-04-22 16:30

🚀 Git sync completed!
⚠️ Email failed to send. Retrying in 10 seconds...
❌ Email failed twice. Check internet or Gmail credentials.
[1] 0
[main dc631dc] Updated git_sync_log.csv: 2026-04-22 16:30
 1 file changed, 1 insertion(+)
[1] 0
fatal: unable to access 'https://github.com/Go-toure/AFRO-SIA_Dashboard.git/': Could not resolve host: github.com
[1] 128
dc631dc Updated git_sync_log.csv: 2026-04-22 16:30
[1] 0
Message d'avis :
le package 'keyring' a été compilé avec la version R 4.4.3 
[1] 0
[1] 0
ℹ️ Git repository already exists.
warning: in the working copy of 'setup_git_repo.log', LF will be replaced by CRLF the next time Git touches it
[1] 0
[main 33079be] Auto commit: 2026-04-27 16:30
 3 files changed, 63 insertions(+), 1 deletion(-)
To https://github.com/Go-toure/AFRO-SIA_Dashboard.git
 ! [rejected]        main -> main (non-fast-forward)
error: failed to push some refs to 'https://github.com/Go-toure/AFRO-SIA_Dashboard.git'
hint: Updates were rejected because the tip of your current branch is behind
hint: its remote counterpart. If you want to integrate the remote changes,
hint: use 'git pull' before pushing again.
hint: See the 'Note about fast-forwards' in 'git push --help' for details.

==============================
 GIT SYNC SUMMARY – AFRO-SIA Dashboard
==============================

      Metric            Count
       Added                0
    Modified                0
     Deleted                0
     Renamed                0
       Other                3
 Push Status         ⚠️ Failed
   Timestamp 2026-04-27 16:30

🚀 Git sync completed!
The email message was sent successfully.
✅ Email notification sent successfully.
[1] 0
[main 9688941] Updated git_sync_log.csv: 2026-04-27 16:30
 1 file changed, 1 insertion(+)
[1] 0
To https://github.com/Go-toure/AFRO-SIA_Dashboard.git
 ! [rejected]        main -> main (non-fast-forward)
error: failed to push some refs to 'https://github.com/Go-toure/AFRO-SIA_Dashboard.git'
hint: Updates were rejected because the tip of your current branch is behind
hint: its remote counterpart. If you want to integrate the remote changes,
hint: use 'git pull' before pushing again.
hint: See the 'Note about fast-forwards' in 'git push --help' for details.
[1] 1
9688941 Updated git_sync_log.csv: 2026-04-27 16:30
[1] 0
Message d'avis :
le package 'keyring' a été compilé avec la version R 4.4.3 
[1] 0
[1] 0
ℹ️ Git repository already exists.
warning: in the working copy of 'setup_git_repo.log', LF will be replaced by CRLF the next time Git touches it
[1] 0
[main 1c89c63] Auto commit: 2026-04-28 16:30
 3 files changed, 76 insertions(+), 1 deletion(-)
To https://github.com/Go-toure/AFRO-SIA_Dashboard.git
 ! [rejected]        main -> main (non-fast-forward)
error: failed to push some refs to 'https://github.com/Go-toure/AFRO-SIA_Dashboard.git'
hint: Updates were rejected because the tip of your current branch is behind
hint: its remote counterpart. If you want to integrate the remote changes,
hint: use 'git pull' before pushing again.
hint: See the 'Note about fast-forwards' in 'git push --help' for details.

==============================
 GIT SYNC SUMMARY – AFRO-SIA Dashboard
==============================

      Metric            Count
       Added                0
    Modified                0
     Deleted                0
     Renamed                0
       Other                3
 Push Status         ⚠️ Failed
   Timestamp 2026-04-28 16:30

🚀 Git sync completed!
The email message was sent successfully.
✅ Email notification sent successfully.
[1] 0
[main a72e173] Updated git_sync_log.csv: 2026-04-28 16:30
 1 file changed, 1 insertion(+)
[1] 0
To https://github.com/Go-toure/AFRO-SIA_Dashboard.git
 ! [rejected]        main -> main (non-fast-forward)
error: failed to push some refs to 'https://github.com/Go-toure/AFRO-SIA_Dashboard.git'
hint: Updates were rejected because the tip of your current branch is behind
hint: its remote counterpart. If you want to integrate the remote changes,
hint: use 'git pull' before pushing again.
hint: See the 'Note about fast-forwards' in 'git push --help' for details.
[1] 1
a72e173 Updated git_sync_log.csv: 2026-04-28 16:30
[1] 0
Message d'avis :
le package 'keyring' a été compilé avec la version R 4.4.3 
[1] 0
[1] 0
ℹ️ Git repository already exists.
warning: in the working copy of 'setup_git_repo.log', LF will be replaced by CRLF the next time Git touches it
[1] 0
[main be316fa] Auto commit: 2026-04-29 16:30
 5 files changed, 77 insertions(+), 1 deletion(-)
To https://github.com/Go-toure/AFRO-SIA_Dashboard.git
 ! [rejected]        main -> main (non-fast-forward)
error: failed to push some refs to 'https://github.com/Go-toure/AFRO-SIA_Dashboard.git'
hint: Updates were rejected because the tip of your current branch is behind
hint: its remote counterpart. If you want to integrate the remote changes,
hint: use 'git pull' before pushing again.
hint: See the 'Note about fast-forwards' in 'git push --help' for details.

==============================
 GIT SYNC SUMMARY – AFRO-SIA Dashboard
==============================

      Metric            Count
       Added                0
    Modified                0
     Deleted                0
     Renamed                0
       Other                5
 Push Status         ⚠️ Failed
   Timestamp 2026-04-29 16:30

🚀 Git sync completed!
The email message was sent successfully.
✅ Email notification sent successfully.
[1] 0
[main 556498e] Updated git_sync_log.csv: 2026-04-29 16:30
 1 file changed, 1 insertion(+)
[1] 0
To https://github.com/Go-toure/AFRO-SIA_Dashboard.git
 ! [rejected]        main -> main (non-fast-forward)
error: failed to push some refs to 'https://github.com/Go-toure/AFRO-SIA_Dashboard.git'
hint: Updates were rejected because the tip of your current branch is behind
hint: its remote counterpart. If you want to integrate the remote changes,
hint: use 'git pull' before pushing again.
hint: See the 'Note about fast-forwards' in 'git push --help' for details.
[1] 1
556498e Updated git_sync_log.csv: 2026-04-29 16:30
[1] 0
Message d'avis :
le package 'keyring' a été compilé avec la version R 4.4.3 
[1] 0
[1] 0
ℹ️ Git repository already exists.
warning: in the working copy of 'setup_git_repo.log', LF will be replaced by CRLF the next time Git touches it
[1] 0
[main 31d6a1b] Auto commit: 2026-04-30 16:30
 3 files changed, 75 insertions(+), 1 deletion(-)
To https://github.com/Go-toure/AFRO-SIA_Dashboard.git
 ! [rejected]        main -> main (non-fast-forward)
error: failed to push some refs to 'https://github.com/Go-toure/AFRO-SIA_Dashboard.git'
hint: Updates were rejected because the tip of your current branch is behind
hint: its remote counterpart. If you want to integrate the remote changes,
hint: use 'git pull' before pushing again.
hint: See the 'Note about fast-forwards' in 'git push --help' for details.

==============================
 GIT SYNC SUMMARY – AFRO-SIA Dashboard
==============================

      Metric            Count
       Added                0
    Modified                0
     Deleted                0
     Renamed                0
       Other                3
 Push Status         ⚠️ Failed
   Timestamp 2026-04-30 16:30

🚀 Git sync completed!
The email message was sent successfully.
✅ Email notification sent successfully.
[1] 0
[main 3a3890c] Updated git_sync_log.csv: 2026-04-30 16:30
 1 file changed, 1 insertion(+)
[1] 0
To https://github.com/Go-toure/AFRO-SIA_Dashboard.git
 ! [rejected]        main -> main (non-fast-forward)
error: failed to push some refs to 'https://github.com/Go-toure/AFRO-SIA_Dashboard.git'
hint: Updates were rejected because the tip of your current branch is behind
hint: its remote counterpart. If you want to integrate the remote changes,
hint: use 'git pull' before pushing again.
hint: See the 'Note about fast-forwards' in 'git push --help' for details.
[1] 1
3a3890c Updated git_sync_log.csv: 2026-04-30 16:30
[1] 0
Message d'avis :
le package 'keyring' a été compilé avec la version R 4.4.3 
[1] 0
[1] 0
ℹ️ Git repository already exists.
warning: in the working copy of 'setup_git_repo.log', LF will be replaced by CRLF the next time Git touches it
[1] 0
[main eb35959] Auto commit: 2026-05-01 16:30
 2 files changed, 48 insertions(+), 1 deletion(-)
To https://github.com/Go-toure/AFRO-SIA_Dashboard.git
 ! [rejected]        main -> main (non-fast-forward)
error: failed to push some refs to 'https://github.com/Go-toure/AFRO-SIA_Dashboard.git'
hint: Updates were rejected because the tip of your current branch is behind
hint: its remote counterpart. If you want to integrate the remote changes,
hint: use 'git pull' before pushing again.
hint: See the 'Note about fast-forwards' in 'git push --help' for details.

==============================
 GIT SYNC SUMMARY – AFRO-SIA Dashboard
==============================

      Metric            Count
       Added                0
    Modified                0
     Deleted                0
     Renamed                0
       Other                2
 Push Status         ⚠️ Failed
   Timestamp 2026-05-01 16:30

🚀 Git sync completed!
The email message was sent successfully.
✅ Email notification sent successfully.
[1] 0
[main e4635ca] Updated git_sync_log.csv: 2026-05-01 16:30
 1 file changed, 1 insertion(+)
[1] 0
To https://github.com/Go-toure/AFRO-SIA_Dashboard.git
 ! [rejected]        main -> main (non-fast-forward)
error: failed to push some refs to 'https://github.com/Go-toure/AFRO-SIA_Dashboard.git'
hint: Updates were rejected because the tip of your current branch is behind
hint: its remote counterpart. If you want to integrate the remote changes,
hint: use 'git pull' before pushing again.
hint: See the 'Note about fast-forwards' in 'git push --help' for details.
[1] 1
e4635ca Updated git_sync_log.csv: 2026-05-01 16:30
[1] 0
Message d'avis :
le package 'keyring' a été compilé avec la version R 4.4.3 
[1] 0
[1] 0
ℹ️ Git repository already exists.
warning: in the working copy of 'setup_git_repo.log', LF will be replaced by CRLF the next time Git touches it
[1] 0
[main 75694cd] Auto commit: 2026-05-02 17:00
 3 files changed, 75 insertions(+), 1 deletion(-)
To https://github.com/Go-toure/AFRO-SIA_Dashboard.git
 ! [rejected]        main -> main (non-fast-forward)
error: failed to push some refs to 'https://github.com/Go-toure/AFRO-SIA_Dashboard.git'
hint: Updates were rejected because the tip of your current branch is behind
hint: its remote counterpart. If you want to integrate the remote changes,
hint: use 'git pull' before pushing again.
hint: See the 'Note about fast-forwards' in 'git push --help' for details.

==============================
 GIT SYNC SUMMARY – AFRO-SIA Dashboard
==============================

      Metric            Count
       Added                0
    Modified                0
     Deleted                0
     Renamed                0
       Other                3
 Push Status         ⚠️ Failed
   Timestamp 2026-05-02 17:00

🚀 Git sync completed!
The email message was sent successfully.
✅ Email notification sent successfully.
[1] 0
[main 19dfc36] Updated git_sync_log.csv: 2026-05-02 17:00
 1 file changed, 1 insertion(+)
[1] 0
To https://github.com/Go-toure/AFRO-SIA_Dashboard.git
 ! [rejected]        main -> main (non-fast-forward)
error: failed to push some refs to 'https://github.com/Go-toure/AFRO-SIA_Dashboard.git'
hint: Updates were rejected because the tip of your current branch is behind
hint: its remote counterpart. If you want to integrate the remote changes,
hint: use 'git pull' before pushing again.
hint: See the 'Note about fast-forwards' in 'git push --help' for details.
[1] 1
19dfc36 Updated git_sync_log.csv: 2026-05-02 17:00
[1] 0
Message d'avis :
le package 'keyring' a été compilé avec la version R 4.4.3 
[1] 0
[1] 0
ℹ️ Git repository already exists.
warning: in the working copy of 'setup_git_repo.log', LF will be replaced by CRLF the next time Git touches it
[1] 0
[main 3768890] Auto commit: 2026-05-04 16:42
 3 files changed, 76 insertions(+), 1 deletion(-)
To https://github.com/Go-toure/AFRO-SIA_Dashboard.git
 ! [rejected]        main -> main (non-fast-forward)
error: failed to push some refs to 'https://github.com/Go-toure/AFRO-SIA_Dashboard.git'
hint: Updates were rejected because the tip of your current branch is behind
hint: its remote counterpart. If you want to integrate the remote changes,
hint: use 'git pull' before pushing again.
hint: See the 'Note about fast-forwards' in 'git push --help' for details.

==============================
 GIT SYNC SUMMARY – AFRO-SIA Dashboard
==============================

      Metric            Count
       Added                0
    Modified                0
     Deleted                0
     Renamed                0
       Other                3
 Push Status         ⚠️ Failed
   Timestamp 2026-05-04 16:42

🚀 Git sync completed!
The email message was sent successfully.
✅ Email notification sent successfully.
[1] 0
[main d16d024] Updated git_sync_log.csv: 2026-05-04 16:43
 1 file changed, 1 insertion(+)
[1] 0
To https://github.com/Go-toure/AFRO-SIA_Dashboard.git
 ! [rejected]        main -> main (non-fast-forward)
error: failed to push some refs to 'https://github.com/Go-toure/AFRO-SIA_Dashboard.git'
hint: Updates were rejected because the tip of your current branch is behind
hint: its remote counterpart. If you want to integrate the remote changes,
hint: use 'git pull' before pushing again.
hint: See the 'Note about fast-forwards' in 'git push --help' for details.
[1] 1
d16d024 Updated git_sync_log.csv: 2026-05-04 16:43
[1] 0
Message d'avis :
le package 'keyring' a été compilé avec la version R 4.4.3 
[1] 0
[1] 0
ℹ️ Git repository already exists.
warning: in the working copy of 'setup_git_repo.log', LF will be replaced by CRLF the next time Git touches it
[1] 0
[main bc5d717] Auto commit: 2026-05-05 16:30
 5 files changed, 962 insertions(+), 336 deletions(-)
To https://github.com/Go-toure/AFRO-SIA_Dashboard.git
 ! [rejected]        main -> main (non-fast-forward)
error: failed to push some refs to 'https://github.com/Go-toure/AFRO-SIA_Dashboard.git'
hint: Updates were rejected because the tip of your current branch is behind
hint: its remote counterpart. If you want to integrate the remote changes,
hint: use 'git pull' before pushing again.
hint: See the 'Note about fast-forwards' in 'git push --help' for details.

==============================
 GIT SYNC SUMMARY – AFRO-SIA Dashboard
==============================

      Metric            Count
       Added                0
    Modified                0
     Deleted                0
     Renamed                0
       Other                5
 Push Status         ⚠️ Failed
   Timestamp 2026-05-05 16:30

🚀 Git sync completed!
The email message was sent successfully.
✅ Email notification sent successfully.
[1] 0
[main d2f4170] Updated git_sync_log.csv: 2026-05-05 16:30
 1 file changed, 1 insertion(+)
[1] 0
To https://github.com/Go-toure/AFRO-SIA_Dashboard.git
 ! [rejected]        main -> main (non-fast-forward)
error: failed to push some refs to 'https://github.com/Go-toure/AFRO-SIA_Dashboard.git'
hint: Updates were rejected because the tip of your current branch is behind
hint: its remote counterpart. If you want to integrate the remote changes,
hint: use 'git pull' before pushing again.
hint: See the 'Note about fast-forwards' in 'git push --help' for details.
[1] 1
d2f4170 Updated git_sync_log.csv: 2026-05-05 16:30
[1] 0
Message d'avis :
le package 'keyring' a été compilé avec la version R 4.4.3 
[1] 0
[1] 0
ℹ️ Git repository already exists.
warning: in the working copy of 'setup_git_repo.log', LF will be replaced by CRLF the next time Git touches it
[1] 0
[main 2465111] Auto commit: 2026-05-06 16:30
 5 files changed, 78 insertions(+), 2 deletions(-)
To https://github.com/Go-toure/AFRO-SIA_Dashboard.git
 ! [rejected]        main -> main (non-fast-forward)
error: failed to push some refs to 'https://github.com/Go-toure/AFRO-SIA_Dashboard.git'
hint: Updates were rejected because the tip of your current branch is behind
hint: its remote counterpart. If you want to integrate the remote changes,
hint: use 'git pull' before pushing again.
hint: See the 'Note about fast-forwards' in 'git push --help' for details.

==============================
 GIT SYNC SUMMARY – AFRO-SIA Dashboard
==============================

      Metric            Count
       Added                0
    Modified                0
     Deleted                0
     Renamed                0
       Other                5
 Push Status         ⚠️ Failed
   Timestamp 2026-05-06 16:30

🚀 Git sync completed!
The email message was sent successfully.
✅ Email notification sent successfully.
[1] 0
[main 3f656e8] Updated git_sync_log.csv: 2026-05-06 16:30
 1 file changed, 1 insertion(+)
[1] 0
To https://github.com/Go-toure/AFRO-SIA_Dashboard.git
 ! [rejected]        main -> main (non-fast-forward)
error: failed to push some refs to 'https://github.com/Go-toure/AFRO-SIA_Dashboard.git'
hint: Updates were rejected because the tip of your current branch is behind
hint: its remote counterpart. If you want to integrate the remote changes,
hint: use 'git pull' before pushing again.
hint: See the 'Note about fast-forwards' in 'git push --help' for details.
[1] 1
3f656e8 Updated git_sync_log.csv: 2026-05-06 16:30
[1] 0
Message d'avis :
le package 'keyring' a été compilé avec la version R 4.4.3 
[1] 0
[1] 0
ℹ️ Git repository already exists.
warning: in the working copy of 'setup_git_repo.log', LF will be replaced by CRLF the next time Git touches it
[1] 0
[main 5352fbb] Auto commit: 2026-05-07 16:30
 2 files changed, 48 insertions(+), 1 deletion(-)
To https://github.com/Go-toure/AFRO-SIA_Dashboard.git
 ! [rejected]        main -> main (non-fast-forward)
error: failed to push some refs to 'https://github.com/Go-toure/AFRO-SIA_Dashboard.git'
hint: Updates were rejected because the tip of your current branch is behind
hint: its remote counterpart. If you want to integrate the remote changes,
hint: use 'git pull' before pushing again.
hint: See the 'Note about fast-forwards' in 'git push --help' for details.

==============================
 GIT SYNC SUMMARY – AFRO-SIA Dashboard
==============================

      Metric            Count
       Added                0
    Modified                0
     Deleted                0
     Renamed                0
       Other                2
 Push Status         ⚠️ Failed
   Timestamp 2026-05-07 16:30

🚀 Git sync completed!
The email message was sent successfully.
✅ Email notification sent successfully.
[1] 0
[main 543450a] Updated git_sync_log.csv: 2026-05-07 16:30
 1 file changed, 1 insertion(+)
[1] 0
To https://github.com/Go-toure/AFRO-SIA_Dashboard.git
 ! [rejected]        main -> main (non-fast-forward)
error: failed to push some refs to 'https://github.com/Go-toure/AFRO-SIA_Dashboard.git'
hint: Updates were rejected because the tip of your current branch is behind
hint: its remote counterpart. If you want to integrate the remote changes,
hint: use 'git pull' before pushing again.
hint: See the 'Note about fast-forwards' in 'git push --help' for details.
[1] 1
543450a Updated git_sync_log.csv: 2026-05-07 16:30
[1] 0
Message d'avis :
le package 'keyring' a été compilé avec la version R 4.4.3 
[1] 0
[1] 0
ℹ️ Git repository already exists.
warning: in the working copy of 'setup_git_repo.log', LF will be replaced by CRLF the next time Git touches it
[1] 0
[main 03c809f] Auto commit: 2026-05-11 08:46
 3 files changed, 104 insertions(+), 1 deletion(-)
To https://github.com/Go-toure/AFRO-SIA_Dashboard.git
 ! [rejected]        main -> main (non-fast-forward)
error: failed to push some refs to 'https://github.com/Go-toure/AFRO-SIA_Dashboard.git'
hint: Updates were rejected because the tip of your current branch is behind
hint: its remote counterpart. If you want to integrate the remote changes,
hint: use 'git pull' before pushing again.
hint: See the 'Note about fast-forwards' in 'git push --help' for details.

==============================
 GIT SYNC SUMMARY – AFRO-SIA Dashboard
==============================

      Metric            Count
       Added                0
    Modified                0
     Deleted                0
     Renamed                0
       Other                3
 Push Status         ⚠️ Failed
   Timestamp 2026-05-11 08:46

🚀 Git sync completed!
The email message was sent successfully.
✅ Email notification sent successfully.
[1] 0
[main 7eb6d4c] Updated git_sync_log.csv: 2026-05-11 08:46
 1 file changed, 1 insertion(+)
[1] 0
To https://github.com/Go-toure/AFRO-SIA_Dashboard.git
 ! [rejected]        main -> main (non-fast-forward)
error: failed to push some refs to 'https://github.com/Go-toure/AFRO-SIA_Dashboard.git'
hint: Updates were rejected because the tip of your current branch is behind
hint: its remote counterpart. If you want to integrate the remote changes,
hint: use 'git pull' before pushing again.
hint: See the 'Note about fast-forwards' in 'git push --help' for details.
[1] 1
7eb6d4c Updated git_sync_log.csv: 2026-05-11 08:46
[1] 0
Message d'avis :
le package 'keyring' a été compilé avec la version R 4.4.3 
[1] 0
[1] 0
ℹ️ Git repository already exists.
warning: in the working copy of 'setup_git_repo.log', LF will be replaced by CRLF the next time Git touches it
[1] 0
[main e31e47a] Auto commit: 2026-05-11 16:30
 3 files changed, 76 insertions(+), 1 deletion(-)
To https://github.com/Go-toure/AFRO-SIA_Dashboard.git
 ! [rejected]        main -> main (non-fast-forward)
error: failed to push some refs to 'https://github.com/Go-toure/AFRO-SIA_Dashboard.git'
hint: Updates were rejected because the tip of your current branch is behind
hint: its remote counterpart. If you want to integrate the remote changes,
hint: use 'git pull' before pushing again.
hint: See the 'Note about fast-forwards' in 'git push --help' for details.

==============================
 GIT SYNC SUMMARY – AFRO-SIA Dashboard
==============================

      Metric            Count
       Added                0
    Modified                0
     Deleted                0
     Renamed                0
       Other                3
 Push Status         ⚠️ Failed
   Timestamp 2026-05-11 16:30

🚀 Git sync completed!
The email message was sent successfully.
✅ Email notification sent successfully.
[1] 0
[main b60e3ae] Updated git_sync_log.csv: 2026-05-11 16:30
 1 file changed, 1 insertion(+)
[1] 0
To https://github.com/Go-toure/AFRO-SIA_Dashboard.git
 ! [rejected]        main -> main (non-fast-forward)
error: failed to push some refs to 'https://github.com/Go-toure/AFRO-SIA_Dashboard.git'
hint: Updates were rejected because the tip of your current branch is behind
hint: its remote counterpart. If you want to integrate the remote changes,
hint: use 'git pull' before pushing again.
hint: See the 'Note about fast-forwards' in 'git push --help' for details.
[1] 1
b60e3ae Updated git_sync_log.csv: 2026-05-11 16:30
[1] 0
Message d'avis :
le package 'keyring' a été compilé avec la version R 4.4.3 
[1] 0
[1] 0
ℹ️ Git repository already exists.
warning: in the working copy of 'setup_git_repo.log', LF will be replaced by CRLF the next time Git touches it
[1] 0
[main cefe0ad] Auto commit: 2026-05-12 17:01
 4 files changed, 75 insertions(+), 1 deletion(-)
To https://github.com/Go-toure/AFRO-SIA_Dashboard.git
 ! [rejected]        main -> main (non-fast-forward)
error: failed to push some refs to 'https://github.com/Go-toure/AFRO-SIA_Dashboard.git'
hint: Updates were rejected because the tip of your current branch is behind
hint: its remote counterpart. If you want to integrate the remote changes,
hint: use 'git pull' before pushing again.
hint: See the 'Note about fast-forwards' in 'git push --help' for details.

==============================
 GIT SYNC SUMMARY – AFRO-SIA Dashboard
==============================

      Metric            Count
       Added                0
    Modified                0
     Deleted                0
     Renamed                0
       Other                4
 Push Status         ⚠️ Failed
   Timestamp 2026-05-12 17:02

🚀 Git sync completed!
The email message was sent successfully.
✅ Email notification sent successfully.
[1] 0
[main 81734c4] Updated git_sync_log.csv: 2026-05-12 17:02
 1 file changed, 1 insertion(+)
[1] 0
To https://github.com/Go-toure/AFRO-SIA_Dashboard.git
 ! [rejected]        main -> main (non-fast-forward)
error: failed to push some refs to 'https://github.com/Go-toure/AFRO-SIA_Dashboard.git'
hint: Updates were rejected because the tip of your current branch is behind
hint: its remote counterpart. If you want to integrate the remote changes,
hint: use 'git pull' before pushing again.
hint: See the 'Note about fast-forwards' in 'git push --help' for details.
[1] 1
81734c4 Updated git_sync_log.csv: 2026-05-12 17:02
[1] 0
Message d'avis :
le package 'keyring' a été compilé avec la version R 4.4.3 
[1] 0
[1] 0
ℹ️ Git repository already exists.
warning: in the working copy of 'setup_git_repo.log', LF will be replaced by CRLF the next time Git touches it
[1] 0
[main 91a9c2c] Auto commit: 2026-05-13 16:53
 6 files changed, 122 insertions(+), 6 deletions(-)
To https://github.com/Go-toure/AFRO-SIA_Dashboard.git
 ! [rejected]        main -> main (non-fast-forward)
error: failed to push some refs to 'https://github.com/Go-toure/AFRO-SIA_Dashboard.git'
hint: Updates were rejected because the tip of your current branch is behind
hint: its remote counterpart. If you want to integrate the remote changes,
hint: use 'git pull' before pushing again.
hint: See the 'Note about fast-forwards' in 'git push --help' for details.

==============================
 GIT SYNC SUMMARY – AFRO-SIA Dashboard
==============================

      Metric            Count
       Added                0
    Modified                0
     Deleted                0
     Renamed                0
       Other                6
 Push Status         ⚠️ Failed
   Timestamp 2026-05-13 16:54

🚀 Git sync completed!
The email message was sent successfully.
✅ Email notification sent successfully.
[1] 0
[main 16c18d8] Updated git_sync_log.csv: 2026-05-13 16:54
 1 file changed, 1 insertion(+)
[1] 0
To https://github.com/Go-toure/AFRO-SIA_Dashboard.git
 ! [rejected]        main -> main (non-fast-forward)
error: failed to push some refs to 'https://github.com/Go-toure/AFRO-SIA_Dashboard.git'
hint: Updates were rejected because the tip of your current branch is behind
hint: its remote counterpart. If you want to integrate the remote changes,
hint: use 'git pull' before pushing again.
hint: See the 'Note about fast-forwards' in 'git push --help' for details.
[1] 1
16c18d8 Updated git_sync_log.csv: 2026-05-13 16:54
[1] 0
Message d'avis :
le package 'keyring' a été compilé avec la version R 4.4.3 
[1] 0
[1] 0
ℹ️ Git repository already exists.
warning: in the working copy of 'setup_git_repo.log', LF will be replaced by CRLF the next time Git touches it
[1] 0
[main 1dd545f] Auto commit: 2026-05-14 16:30
 3 files changed, 56 insertions(+), 1 deletion(-)
To https://github.com/Go-toure/AFRO-SIA_Dashboard.git
 ! [rejected]        main -> main (non-fast-forward)
error: failed to push some refs to 'https://github.com/Go-toure/AFRO-SIA_Dashboard.git'
hint: Updates were rejected because the tip of your current branch is behind
hint: its remote counterpart. If you want to integrate the remote changes,
hint: use 'git pull' before pushing again.
hint: See the 'Note about fast-forwards' in 'git push --help' for details.

==============================
 GIT SYNC SUMMARY – AFRO-SIA Dashboard
==============================

      Metric            Count
       Added                0
    Modified                0
     Deleted                0
     Renamed                0
       Other                3
 Push Status         ⚠️ Failed
   Timestamp 2026-05-14 16:30

🚀 Git sync completed!
The email message was sent successfully.
✅ Email notification sent successfully.
[1] 0
[main 37923b4] Updated git_sync_log.csv: 2026-05-14 16:30
 1 file changed, 1 insertion(+)
[1] 0
To https://github.com/Go-toure/AFRO-SIA_Dashboard.git
 ! [rejected]        main -> main (non-fast-forward)
error: failed to push some refs to 'https://github.com/Go-toure/AFRO-SIA_Dashboard.git'
hint: Updates were rejected because the tip of your current branch is behind
hint: its remote counterpart. If you want to integrate the remote changes,
hint: use 'git pull' before pushing again.
hint: See the 'Note about fast-forwards' in 'git push --help' for details.
[1] 1
37923b4 Updated git_sync_log.csv: 2026-05-14 16:30
[1] 0
Message d'avis :
le package 'keyring' a été compilé avec la version R 4.4.3 
[1] 0
[1] 0
ℹ️ Git repository already exists.
warning: in the working copy of 'setup_git_repo.log', LF will be replaced by CRLF the next time Git touches it
[1] 0
[main 54ff0c5] Auto commit: 2026-05-15 16:30
 2 files changed, 48 insertions(+), 1 deletion(-)
To https://github.com/Go-toure/AFRO-SIA_Dashboard.git
 ! [rejected]        main -> main (non-fast-forward)
error: failed to push some refs to 'https://github.com/Go-toure/AFRO-SIA_Dashboard.git'
hint: Updates were rejected because the tip of your current branch is behind
hint: its remote counterpart. If you want to integrate the remote changes,
hint: use 'git pull' before pushing again.
hint: See the 'Note about fast-forwards' in 'git push --help' for details.

==============================
 GIT SYNC SUMMARY – AFRO-SIA Dashboard
==============================

      Metric            Count
       Added                0
    Modified                0
     Deleted                0
     Renamed                0
       Other                2
 Push Status         ⚠️ Failed
   Timestamp 2026-05-15 16:30

🚀 Git sync completed!
The email message was sent successfully.
✅ Email notification sent successfully.
[1] 0
[main 4d1c5f8] Updated git_sync_log.csv: 2026-05-15 16:30
 1 file changed, 1 insertion(+)
[1] 0
To https://github.com/Go-toure/AFRO-SIA_Dashboard.git
 ! [rejected]        main -> main (non-fast-forward)
error: failed to push some refs to 'https://github.com/Go-toure/AFRO-SIA_Dashboard.git'
hint: Updates were rejected because the tip of your current branch is behind
hint: its remote counterpart. If you want to integrate the remote changes,
hint: use 'git pull' before pushing again.
hint: See the 'Note about fast-forwards' in 'git push --help' for details.
[1] 1
4d1c5f8 Updated git_sync_log.csv: 2026-05-15 16:30
[1] 0
Message d'avis :
le package 'keyring' a été compilé avec la version R 4.4.3 
[1] 0
[1] 0
ℹ️ Git repository already exists.
warning: in the working copy of 'setup_git_repo.log', LF will be replaced by CRLF the next time Git touches it
[1] 0
[main 5300fee] Auto commit: 2026-05-18 16:30
 4 files changed, 76 insertions(+), 1 deletion(-)
To https://github.com/Go-toure/AFRO-SIA_Dashboard.git
 ! [rejected]        main -> main (non-fast-forward)
error: failed to push some refs to 'https://github.com/Go-toure/AFRO-SIA_Dashboard.git'
hint: Updates were rejected because the tip of your current branch is behind
hint: its remote counterpart. If you want to integrate the remote changes,
hint: use 'git pull' before pushing again.
hint: See the 'Note about fast-forwards' in 'git push --help' for details.

==============================
 GIT SYNC SUMMARY – AFRO-SIA Dashboard
==============================

      Metric            Count
       Added                0
    Modified                0
     Deleted                0
     Renamed                0
       Other                4
 Push Status         ⚠️ Failed
   Timestamp 2026-05-18 16:30

🚀 Git sync completed!
The email message was sent successfully.
✅ Email notification sent successfully.
[1] 0
[main 71e43e1] Updated git_sync_log.csv: 2026-05-18 16:30
 1 file changed, 1 insertion(+)
[1] 0
To https://github.com/Go-toure/AFRO-SIA_Dashboard.git
 ! [rejected]        main -> main (non-fast-forward)
error: failed to push some refs to 'https://github.com/Go-toure/AFRO-SIA_Dashboard.git'
hint: Updates were rejected because the tip of your current branch is behind
hint: its remote counterpart. If you want to integrate the remote changes,
hint: use 'git pull' before pushing again.
hint: See the 'Note about fast-forwards' in 'git push --help' for details.
[1] 1
71e43e1 Updated git_sync_log.csv: 2026-05-18 16:30
[1] 0
Message d'avis :
le package 'keyring' a été compilé avec la version R 4.4.3 
[1] 0
[1] 0
ℹ️ Git repository already exists.
warning: in the working copy of 'setup_git_repo.log', LF will be replaced by CRLF the next time Git touches it
[1] 0
[main 6b19bc0] Auto commit: 2026-05-19 16:30
 3 files changed, 70 insertions(+), 1 deletion(-)
To https://github.com/Go-toure/AFRO-SIA_Dashboard.git
 ! [rejected]        main -> main (non-fast-forward)
error: failed to push some refs to 'https://github.com/Go-toure/AFRO-SIA_Dashboard.git'
hint: Updates were rejected because the tip of your current branch is behind
hint: its remote counterpart. If you want to integrate the remote changes,
hint: use 'git pull' before pushing again.
hint: See the 'Note about fast-forwards' in 'git push --help' for details.

==============================
 GIT SYNC SUMMARY – AFRO-SIA Dashboard
==============================

      Metric            Count
       Added                0
    Modified                0
     Deleted                0
     Renamed                0
       Other                3
 Push Status         ⚠️ Failed
   Timestamp 2026-05-19 16:30

🚀 Git sync completed!
The email message was sent successfully.
✅ Email notification sent successfully.
[1] 0
[main a4f0ba8] Updated git_sync_log.csv: 2026-05-19 16:30
 1 file changed, 1 insertion(+)
[1] 0
To https://github.com/Go-toure/AFRO-SIA_Dashboard.git
 ! [rejected]        main -> main (non-fast-forward)
error: failed to push some refs to 'https://github.com/Go-toure/AFRO-SIA_Dashboard.git'
hint: Updates were rejected because the tip of your current branch is behind
hint: its remote counterpart. If you want to integrate the remote changes,
hint: use 'git pull' before pushing again.
hint: See the 'Note about fast-forwards' in 'git push --help' for details.
[1] 1
a4f0ba8 Updated git_sync_log.csv: 2026-05-19 16:30
[1] 0
Message d'avis :
le package 'keyring' a été compilé avec la version R 4.4.3 
[1] 0
[1] 0
ℹ️ Git repository already exists.
warning: in the working copy of 'setup_git_repo.log', LF will be replaced by CRLF the next time Git touches it
[1] 0
[main 0a46840] Auto commit: 2026-05-21 17:08
 6 files changed, 100 insertions(+), 1 deletion(-)
To https://github.com/Go-toure/AFRO-SIA_Dashboard.git
 ! [rejected]        main -> main (non-fast-forward)
error: failed to push some refs to 'https://github.com/Go-toure/AFRO-SIA_Dashboard.git'
hint: Updates were rejected because the tip of your current branch is behind
hint: its remote counterpart. If you want to integrate the remote changes,
hint: use 'git pull' before pushing again.
hint: See the 'Note about fast-forwards' in 'git push --help' for details.

==============================
 GIT SYNC SUMMARY – AFRO-SIA Dashboard
==============================

      Metric            Count
       Added                0
    Modified                0
     Deleted                0
     Renamed                0
       Other                6
 Push Status         ⚠️ Failed
   Timestamp 2026-05-21 17:08

🚀 Git sync completed!
The email message was sent successfully.
✅ Email notification sent successfully.
[1] 0
[main 33a703e] Updated git_sync_log.csv: 2026-05-21 17:08
 1 file changed, 1 insertion(+)
[1] 0
To https://github.com/Go-toure/AFRO-SIA_Dashboard.git
 ! [rejected]        main -> main (non-fast-forward)
error: failed to push some refs to 'https://github.com/Go-toure/AFRO-SIA_Dashboard.git'
hint: Updates were rejected because the tip of your current branch is behind
hint: its remote counterpart. If you want to integrate the remote changes,
hint: use 'git pull' before pushing again.
hint: See the 'Note about fast-forwards' in 'git push --help' for details.
[1] 1
33a703e Updated git_sync_log.csv: 2026-05-21 17:08
[1] 0
Message d'avis :
le package 'keyring' a été compilé avec la version R 4.4.3 
[1] 0
[1] 0
ℹ️ Git repository already exists.
warning: in the working copy of 'setup_git_repo.log', LF will be replaced by CRLF the next time Git touches it
[1] 0
[main 0bea302] Auto commit: 2026-05-25 16:30
 2 files changed, 51 insertions(+)
To https://github.com/Go-toure/AFRO-SIA_Dashboard.git
 ! [rejected]        main -> main (non-fast-forward)
error: failed to push some refs to 'https://github.com/Go-toure/AFRO-SIA_Dashboard.git'
hint: Updates were rejected because the tip of your current branch is behind
hint: its remote counterpart. If you want to integrate the remote changes,
hint: use 'git pull' before pushing again.
hint: See the 'Note about fast-forwards' in 'git push --help' for details.

==============================
 GIT SYNC SUMMARY – AFRO-SIA Dashboard
==============================

      Metric            Count
       Added                0
    Modified                0
     Deleted                0
     Renamed                0
       Other                2
 Push Status         ⚠️ Failed
   Timestamp 2026-05-25 16:30

🚀 Git sync completed!
The email message was sent successfully.
✅ Email notification sent successfully.
[1] 0
[main f804d85] Updated git_sync_log.csv: 2026-05-25 16:30
 1 file changed, 1 insertion(+)
[1] 0
To https://github.com/Go-toure/AFRO-SIA_Dashboard.git
 ! [rejected]        main -> main (non-fast-forward)
error: failed to push some refs to 'https://github.com/Go-toure/AFRO-SIA_Dashboard.git'
hint: Updates were rejected because the tip of your current branch is behind
hint: its remote counterpart. If you want to integrate the remote changes,
hint: use 'git pull' before pushing again.
hint: See the 'Note about fast-forwards' in 'git push --help' for details.
[1] 1
f804d85 Updated git_sync_log.csv: 2026-05-25 16:30
[1] 0
Message d'avis :
le package 'keyring' a été compilé avec la version R 4.4.3 
[1] 0
[1] 0
ℹ️ Git repository already exists.
warning: in the working copy of 'setup_git_repo.log', LF will be replaced by CRLF the next time Git touches it
[1] 0
[main aef9710] Auto commit: 2026-06-04 17:17
 3 files changed, 65 insertions(+), 2 deletions(-)
To https://github.com/Go-toure/AFRO-SIA_Dashboard.git
 ! [rejected]        main -> main (non-fast-forward)
error: failed to push some refs to 'https://github.com/Go-toure/AFRO-SIA_Dashboard.git'
hint: Updates were rejected because the tip of your current branch is behind
hint: its remote counterpart. If you want to integrate the remote changes,
hint: use 'git pull' before pushing again.
hint: See the 'Note about fast-forwards' in 'git push --help' for details.

==============================
 GIT SYNC SUMMARY – AFRO-SIA Dashboard
==============================

      Metric            Count
       Added                0
    Modified                0
     Deleted                0
     Renamed                0
       Other                3
 Push Status         ⚠️ Failed
   Timestamp 2026-06-04 17:17

🚀 Git sync completed!
The email message was sent successfully.
✅ Email notification sent successfully.
[1] 0
[main e7a4bfe] Updated git_sync_log.csv: 2026-06-04 17:17
 1 file changed, 1 insertion(+)
[1] 0
To https://github.com/Go-toure/AFRO-SIA_Dashboard.git
 ! [rejected]        main -> main (non-fast-forward)
error: failed to push some refs to 'https://github.com/Go-toure/AFRO-SIA_Dashboard.git'
hint: Updates were rejected because the tip of your current branch is behind
hint: its remote counterpart. If you want to integrate the remote changes,
hint: use 'git pull' before pushing again.
hint: See the 'Note about fast-forwards' in 'git push --help' for details.
[1] 1
e7a4bfe Updated git_sync_log.csv: 2026-06-04 17:17
[1] 0
Message d'avis :
le package 'keyring' a été compilé avec la version R 4.4.3 
[1] 0
[1] 0
ℹ️ Git repository already exists.
warning: in the working copy of 'setup_git_repo.log', LF will be replaced by CRLF the next time Git touches it
[1] 0
[main 76d86ca] Auto commit: 2026-06-08 16:30
 4 files changed, 83 insertions(+), 1 deletion(-)
To https://github.com/Go-toure/AFRO-SIA_Dashboard.git
 ! [rejected]        main -> main (non-fast-forward)
error: failed to push some refs to 'https://github.com/Go-toure/AFRO-SIA_Dashboard.git'
hint: Updates were rejected because the tip of your current branch is behind
hint: its remote counterpart. If you want to integrate the remote changes,
hint: use 'git pull' before pushing again.
hint: See the 'Note about fast-forwards' in 'git push --help' for details.

==============================
 GIT SYNC SUMMARY – AFRO-SIA Dashboard
==============================

      Metric            Count
       Added                0
    Modified                0
     Deleted                0
     Renamed                0
       Other                4
 Push Status         ⚠️ Failed
   Timestamp 2026-06-08 16:30

🚀 Git sync completed!
The email message was sent successfully.
✅ Email notification sent successfully.
[1] 0
[main 0c9ea4e] Updated git_sync_log.csv: 2026-06-08 16:30
 1 file changed, 1 insertion(+)
[1] 0
To https://github.com/Go-toure/AFRO-SIA_Dashboard.git
 ! [rejected]        main -> main (non-fast-forward)
error: failed to push some refs to 'https://github.com/Go-toure/AFRO-SIA_Dashboard.git'
hint: Updates were rejected because the tip of your current branch is behind
hint: its remote counterpart. If you want to integrate the remote changes,
hint: use 'git pull' before pushing again.
hint: See the 'Note about fast-forwards' in 'git push --help' for details.
[1] 1
0c9ea4e Updated git_sync_log.csv: 2026-06-08 16:30
[1] 0
Message d'avis :
le package 'keyring' a été compilé avec la version R 4.4.3 
[1] 0
[1] 0
ℹ️ Git repository already exists.
warning: in the working copy of 'setup_git_repo.log', LF will be replaced by CRLF the next time Git touches it
[1] 0
[main 6331265] Auto commit: 2026-06-09 16:30
 3 files changed, 76 insertions(+), 1 deletion(-)
To https://github.com/Go-toure/AFRO-SIA_Dashboard.git
 ! [rejected]        main -> main (non-fast-forward)
error: failed to push some refs to 'https://github.com/Go-toure/AFRO-SIA_Dashboard.git'
hint: Updates were rejected because the tip of your current branch is behind
hint: its remote counterpart. If you want to integrate the remote changes,
hint: use 'git pull' before pushing again.
hint: See the 'Note about fast-forwards' in 'git push --help' for details.

==============================
 GIT SYNC SUMMARY – AFRO-SIA Dashboard
==============================

      Metric            Count
       Added                0
    Modified                0
     Deleted                0
     Renamed                0
       Other                3
 Push Status         ⚠️ Failed
   Timestamp 2026-06-09 16:30

🚀 Git sync completed!
The email message was sent successfully.
✅ Email notification sent successfully.
[1] 0
[main 6d1162d] Updated git_sync_log.csv: 2026-06-09 16:30
 1 file changed, 1 insertion(+)
[1] 0
To https://github.com/Go-toure/AFRO-SIA_Dashboard.git
 ! [rejected]        main -> main (non-fast-forward)
error: failed to push some refs to 'https://github.com/Go-toure/AFRO-SIA_Dashboard.git'
hint: Updates were rejected because the tip of your current branch is behind
hint: its remote counterpart. If you want to integrate the remote changes,
hint: use 'git pull' before pushing again.
hint: See the 'Note about fast-forwards' in 'git push --help' for details.
[1] 1
6d1162d Updated git_sync_log.csv: 2026-06-09 16:30
[1] 0
Message d'avis :
le package 'keyring' a été compilé avec la version R 4.4.3 
[1] 0
[1] 0
ℹ️ Git repository already exists.
warning: in the working copy of 'setup_git_repo.log', LF will be replaced by CRLF the next time Git touches it
[1] 0
[main 2d7e7d3] Auto commit: 2026-06-10 16:30
 4 files changed, 75 insertions(+), 1 deletion(-)
To https://github.com/Go-toure/AFRO-SIA_Dashboard.git
 ! [rejected]        main -> main (non-fast-forward)
error: failed to push some refs to 'https://github.com/Go-toure/AFRO-SIA_Dashboard.git'
hint: Updates were rejected because the tip of your current branch is behind
hint: its remote counterpart. If you want to integrate the remote changes,
hint: use 'git pull' before pushing again.
hint: See the 'Note about fast-forwards' in 'git push --help' for details.

==============================
 GIT SYNC SUMMARY – AFRO-SIA Dashboard
==============================

      Metric            Count
       Added                0
    Modified                0
     Deleted                0
     Renamed                0
       Other                4
 Push Status         ⚠️ Failed
   Timestamp 2026-06-10 16:30

🚀 Git sync completed!
The email message was sent successfully.
✅ Email notification sent successfully.
[1] 0
[main 909c917] Updated git_sync_log.csv: 2026-06-10 16:30
 1 file changed, 1 insertion(+)
[1] 0
To https://github.com/Go-toure/AFRO-SIA_Dashboard.git
 ! [rejected]        main -> main (non-fast-forward)
error: failed to push some refs to 'https://github.com/Go-toure/AFRO-SIA_Dashboard.git'
hint: Updates were rejected because the tip of your current branch is behind
hint: its remote counterpart. If you want to integrate the remote changes,
hint: use 'git pull' before pushing again.
hint: See the 'Note about fast-forwards' in 'git push --help' for details.
[1] 1
909c917 Updated git_sync_log.csv: 2026-06-10 16:30
[1] 0
Message d'avis :
le package 'keyring' a été compilé avec la version R 4.4.3 
[1] 0
[1] 0
ℹ️ Git repository already exists.
warning: in the working copy of 'setup_git_repo.log', LF will be replaced by CRLF the next time Git touches it
[1] 0
[main d549040] Auto commit: 2026-06-11 16:32
 2 files changed, 48 insertions(+), 1 deletion(-)
To https://github.com/Go-toure/AFRO-SIA_Dashboard.git
 ! [rejected]        main -> main (non-fast-forward)
error: failed to push some refs to 'https://github.com/Go-toure/AFRO-SIA_Dashboard.git'
hint: Updates were rejected because the tip of your current branch is behind
hint: its remote counterpart. If you want to integrate the remote changes,
hint: use 'git pull' before pushing again.
hint: See the 'Note about fast-forwards' in 'git push --help' for details.

==============================
 GIT SYNC SUMMARY – AFRO-SIA Dashboard
==============================

      Metric            Count
       Added                0
    Modified                0
     Deleted                0
     Renamed                0
       Other                2
 Push Status         ⚠️ Failed
   Timestamp 2026-06-11 16:32

🚀 Git sync completed!
The email message was sent successfully.
✅ Email notification sent successfully.
[1] 0
[main da8ef6a] Updated git_sync_log.csv: 2026-06-11 16:32
 1 file changed, 1 insertion(+)
[1] 0
To https://github.com/Go-toure/AFRO-SIA_Dashboard.git
 ! [rejected]        main -> main (non-fast-forward)
error: failed to push some refs to 'https://github.com/Go-toure/AFRO-SIA_Dashboard.git'
hint: Updates were rejected because the tip of your current branch is behind
hint: its remote counterpart. If you want to integrate the remote changes,
hint: use 'git pull' before pushing again.
hint: See the 'Note about fast-forwards' in 'git push --help' for details.
[1] 1
da8ef6a Updated git_sync_log.csv: 2026-06-11 16:32
[1] 0
Message d'avis :
le package 'keyring' a été compilé avec la version R 4.4.3 
[1] 0
[1] 0
ℹ️ Git repository already exists.
warning: in the working copy of 'setup_git_repo.log', LF will be replaced by CRLF the next time Git touches it
[1] 0
[main 83d957a] Auto commit: 2026-06-15 22:21
 4 files changed, 83 insertions(+), 1 deletion(-)
To https://github.com/Go-toure/AFRO-SIA_Dashboard.git
 ! [rejected]        main -> main (non-fast-forward)
error: failed to push some refs to 'https://github.com/Go-toure/AFRO-SIA_Dashboard.git'
hint: Updates were rejected because the tip of your current branch is behind
hint: its remote counterpart. If you want to integrate the remote changes,
hint: use 'git pull' before pushing again.
hint: See the 'Note about fast-forwards' in 'git push --help' for details.

==============================
 GIT SYNC SUMMARY – AFRO-SIA Dashboard
==============================

      Metric            Count
       Added                0
    Modified                0
     Deleted                0
     Renamed                0
       Other                4
 Push Status         ⚠️ Failed
   Timestamp 2026-06-15 22:21

🚀 Git sync completed!
The email message was sent successfully.
✅ Email notification sent successfully.
[1] 0
[main 6898cbe] Updated git_sync_log.csv: 2026-06-15 22:21
 1 file changed, 1 insertion(+)
[1] 0
To https://github.com/Go-toure/AFRO-SIA_Dashboard.git
 ! [rejected]        main -> main (non-fast-forward)
error: failed to push some refs to 'https://github.com/Go-toure/AFRO-SIA_Dashboard.git'
hint: Updates were rejected because the tip of your current branch is behind
hint: its remote counterpart. If you want to integrate the remote changes,
hint: use 'git pull' before pushing again.
hint: See the 'Note about fast-forwards' in 'git push --help' for details.
[1] 1
6898cbe Updated git_sync_log.csv: 2026-06-15 22:21
[1] 0
Message d'avis :
le package 'keyring' a été compilé avec la version R 4.4.3 
[1] 0
[1] 0
ℹ️ Git repository already exists.
warning: in the working copy of '.Rhistory', LF will be replaced by CRLF the next time Git touches it
warning: in the working copy of 'setup_git_repo.log', LF will be replaced by CRLF the next time Git touches it
[1] 0
[main cf733fa] Auto commit: 2026-06-17 16:30
 6 files changed, 562 insertions(+), 486 deletions(-)
To https://github.com/Go-toure/AFRO-SIA_Dashboard.git
 ! [rejected]        main -> main (non-fast-forward)
error: failed to push some refs to 'https://github.com/Go-toure/AFRO-SIA_Dashboard.git'
hint: Updates were rejected because the tip of your current branch is behind
hint: its remote counterpart. If you want to integrate the remote changes,
hint: use 'git pull' before pushing again.
hint: See the 'Note about fast-forwards' in 'git push --help' for details.

==============================
 GIT SYNC SUMMARY – AFRO-SIA Dashboard
==============================

      Metric            Count
       Added                0
    Modified                0
     Deleted                0
     Renamed                0
       Other                6
 Push Status         ⚠️ Failed
   Timestamp 2026-06-17 16:30

🚀 Git sync completed!
The email message was sent successfully.
✅ Email notification sent successfully.
[1] 0
[main 5f5547e] Updated git_sync_log.csv: 2026-06-17 16:30
 1 file changed, 1 insertion(+)
[1] 0
To https://github.com/Go-toure/AFRO-SIA_Dashboard.git
 ! [rejected]        main -> main (non-fast-forward)
error: failed to push some refs to 'https://github.com/Go-toure/AFRO-SIA_Dashboard.git'
hint: Updates were rejected because the tip of your current branch is behind
hint: its remote counterpart. If you want to integrate the remote changes,
hint: use 'git pull' before pushing again.
hint: See the 'Note about fast-forwards' in 'git push --help' for details.
[1] 1
5f5547e Updated git_sync_log.csv: 2026-06-17 16:30
[1] 0
Message d'avis :
le package 'keyring' a été compilé avec la version R 4.4.3 
[1] 0
[1] 0
ℹ️ Git repository already exists.
warning: in the working copy of 'setup_git_repo.log', LF will be replaced by CRLF the next time Git touches it
[1] 0
[main 3d5d1c1] Auto commit: 2026-06-19 09:52
 3 files changed, 62 insertions(+), 1 deletion(-)
To https://github.com/Go-toure/AFRO-SIA_Dashboard.git
 ! [rejected]        main -> main (non-fast-forward)
error: failed to push some refs to 'https://github.com/Go-toure/AFRO-SIA_Dashboard.git'
hint: Updates were rejected because the tip of your current branch is behind
hint: its remote counterpart. If you want to integrate the remote changes,
hint: use 'git pull' before pushing again.
hint: See the 'Note about fast-forwards' in 'git push --help' for details.

==============================
 GIT SYNC SUMMARY – AFRO-SIA Dashboard
==============================

      Metric            Count
       Added                0
    Modified                0
     Deleted                0
     Renamed                0
       Other                3
 Push Status         ⚠️ Failed
   Timestamp 2026-06-19 09:52

🚀 Git sync completed!
The email message was sent successfully.
✅ Email notification sent successfully.
[1] 0
[main 2ce42db] Updated git_sync_log.csv: 2026-06-19 09:52
 1 file changed, 1 insertion(+)
[1] 0
To https://github.com/Go-toure/AFRO-SIA_Dashboard.git
 ! [rejected]        main -> main (non-fast-forward)
error: failed to push some refs to 'https://github.com/Go-toure/AFRO-SIA_Dashboard.git'
hint: Updates were rejected because the tip of your current branch is behind
hint: its remote counterpart. If you want to integrate the remote changes,
hint: use 'git pull' before pushing again.
hint: See the 'Note about fast-forwards' in 'git push --help' for details.
[1] 1
2ce42db Updated git_sync_log.csv: 2026-06-19 09:52
[1] 0
Message d'avis :
le package 'keyring' a été compilé avec la version R 4.4.3 
[1] 0
[1] 0
ℹ️ Git repository already exists.
warning: in the working copy of 'setup_git_repo.log', LF will be replaced by CRLF the next time Git touches it
[1] 0
[main 8c44e70] Auto commit: 2026-06-22 16:30
 3 files changed, 75 insertions(+), 2 deletions(-)
To https://github.com/Go-toure/AFRO-SIA_Dashboard.git
 ! [rejected]        main -> main (non-fast-forward)
error: failed to push some refs to 'https://github.com/Go-toure/AFRO-SIA_Dashboard.git'
hint: Updates were rejected because the tip of your current branch is behind
hint: its remote counterpart. If you want to integrate the remote changes,
hint: use 'git pull' before pushing again.
hint: See the 'Note about fast-forwards' in 'git push --help' for details.

==============================
 GIT SYNC SUMMARY – AFRO-SIA Dashboard
==============================

      Metric            Count
       Added                0
    Modified                0
     Deleted                0
     Renamed                0
       Other                3
 Push Status         ⚠️ Failed
   Timestamp 2026-06-22 16:30

🚀 Git sync completed!
The email message was sent successfully.
✅ Email notification sent successfully.
[1] 0
[main fdd9643] Updated git_sync_log.csv: 2026-06-22 16:30
 1 file changed, 1 insertion(+)
[1] 0
To https://github.com/Go-toure/AFRO-SIA_Dashboard.git
 ! [rejected]        main -> main (non-fast-forward)
error: failed to push some refs to 'https://github.com/Go-toure/AFRO-SIA_Dashboard.git'
hint: Updates were rejected because the tip of your current branch is behind
hint: its remote counterpart. If you want to integrate the remote changes,
hint: use 'git pull' before pushing again.
hint: See the 'Note about fast-forwards' in 'git push --help' for details.
[1] 1
fdd9643 Updated git_sync_log.csv: 2026-06-22 16:30
[1] 0
Message d'avis :
le package 'keyring' a été compilé avec la version R 4.4.3 
[1] 0
[1] 0
ℹ️ Git repository already exists.
warning: in the working copy of 'setup_git_repo.log', LF will be replaced by CRLF the next time Git touches it
[1] 0
[main 45b22b3] Auto commit: 2026-06-23 16:30
 4 files changed, 76 insertions(+), 2 deletions(-)
To https://github.com/Go-toure/AFRO-SIA_Dashboard.git
 ! [rejected]        main -> main (non-fast-forward)
error: failed to push some refs to 'https://github.com/Go-toure/AFRO-SIA_Dashboard.git'
hint: Updates were rejected because the tip of your current branch is behind
hint: its remote counterpart. If you want to integrate the remote changes,
hint: use 'git pull' before pushing again.
hint: See the 'Note about fast-forwards' in 'git push --help' for details.

==============================
 GIT SYNC SUMMARY – AFRO-SIA Dashboard
==============================

      Metric            Count
       Added                0
    Modified                0
     Deleted                0
     Renamed                0
       Other                4
 Push Status         ⚠️ Failed
   Timestamp 2026-06-23 16:30

🚀 Git sync completed!
The email message was sent successfully.
✅ Email notification sent successfully.
[1] 0
[main e86f6f8] Updated git_sync_log.csv: 2026-06-23 16:30
 1 file changed, 1 insertion(+)
[1] 0
To https://github.com/Go-toure/AFRO-SIA_Dashboard.git
 ! [rejected]        main -> main (non-fast-forward)
error: failed to push some refs to 'https://github.com/Go-toure/AFRO-SIA_Dashboard.git'
hint: Updates were rejected because the tip of your current branch is behind
hint: its remote counterpart. If you want to integrate the remote changes,
hint: use 'git pull' before pushing again.
hint: See the 'Note about fast-forwards' in 'git push --help' for details.
[1] 1
e86f6f8 Updated git_sync_log.csv: 2026-06-23 16:30
[1] 0
Message d'avis :
le package 'keyring' a été compilé avec la version R 4.4.3 
[1] 0
[1] 0
ℹ️ Git repository already exists.
warning: in the working copy of 'setup_git_repo.log', LF will be replaced by CRLF the next time Git touches it
[1] 0
[main 7ecf59e] Auto commit: 2026-06-29 12:21
 2 files changed, 48 insertions(+), 1 deletion(-)
To https://github.com/Go-toure/AFRO-SIA_Dashboard.git
 ! [rejected]        main -> main (non-fast-forward)
error: failed to push some refs to 'https://github.com/Go-toure/AFRO-SIA_Dashboard.git'
hint: Updates were rejected because the tip of your current branch is behind
hint: its remote counterpart. If you want to integrate the remote changes,
hint: use 'git pull' before pushing again.
hint: See the 'Note about fast-forwards' in 'git push --help' for details.

==============================
 GIT SYNC SUMMARY – AFRO-SIA Dashboard
==============================

      Metric            Count
       Added                0
    Modified                0
     Deleted                0
     Renamed                0
       Other                2
 Push Status         ⚠️ Failed
   Timestamp 2026-06-29 12:22

🚀 Git sync completed!
The email message was sent successfully.
✅ Email notification sent successfully.
[1] 0
[main d9b9d62] Updated git_sync_log.csv: 2026-06-29 12:22
 1 file changed, 1 insertion(+)
[1] 0
To https://github.com/Go-toure/AFRO-SIA_Dashboard.git
 ! [rejected]        main -> main (non-fast-forward)
error: failed to push some refs to 'https://github.com/Go-toure/AFRO-SIA_Dashboard.git'
hint: Updates were rejected because the tip of your current branch is behind
hint: its remote counterpart. If you want to integrate the remote changes,
hint: use 'git pull' before pushing again.
hint: See the 'Note about fast-forwards' in 'git push --help' for details.
[1] 1
d9b9d62 Updated git_sync_log.csv: 2026-06-29 12:22
[1] 0
Message d'avis :
le package 'keyring' a été compilé avec la version R 4.4.3 
[1] 0
[1] 0
ℹ️ Git repository already exists.
warning: in the working copy of 'setup_git_repo.log', LF will be replaced by CRLF the next time Git touches it
[1] 0
[main 75bf3d8] Auto commit: 2026-07-02 15:30
 3 files changed, 103 insertions(+), 1 deletion(-)
To https://github.com/Go-toure/AFRO-SIA_Dashboard.git
 ! [rejected]        main -> main (non-fast-forward)
error: failed to push some refs to 'https://github.com/Go-toure/AFRO-SIA_Dashboard.git'
hint: Updates were rejected because the tip of your current branch is behind
hint: its remote counterpart. If you want to integrate the remote changes,
hint: use 'git pull' before pushing again.
hint: See the 'Note about fast-forwards' in 'git push --help' for details.

==============================
 GIT SYNC SUMMARY – AFRO-SIA Dashboard
==============================

      Metric            Count
       Added                0
    Modified                0
     Deleted                0
     Renamed                0
       Other                3
 Push Status         ⚠️ Failed
   Timestamp 2026-07-02 15:30

🚀 Git sync completed!
The email message was sent successfully.
✅ Email notification sent successfully.
[1] 0
[main 8c8c488] Updated git_sync_log.csv: 2026-07-02 15:30
 1 file changed, 1 insertion(+)
[1] 0
To https://github.com/Go-toure/AFRO-SIA_Dashboard.git
 ! [rejected]        main -> main (non-fast-forward)
error: failed to push some refs to 'https://github.com/Go-toure/AFRO-SIA_Dashboard.git'
hint: Updates were rejected because the tip of your current branch is behind
hint: its remote counterpart. If you want to integrate the remote changes,
hint: use 'git pull' before pushing again.
hint: See the 'Note about fast-forwards' in 'git push --help' for details.
[1] 1
8c8c488 Updated git_sync_log.csv: 2026-07-02 15:30
[1] 0
Message d'avis :
le package 'keyring' a été compilé avec la version R 4.4.3 
[1] 0
[1] 0
ℹ️ Git repository already exists.
warning: in the working copy of '.Rhistory', LF will be replaced by CRLF the next time Git touches it
warning: in the working copy of 'setup_git_repo.log', LF will be replaced by CRLF the next time Git touches it
warning: in the working copy of 'input/country_summary.csv', LF will be replaced by CRLF the next time Git touches it
warning: in the working copy of 'input/performance_summary.csv', LF will be replaced by CRLF the next time Git touches it
warning: in the working copy of 'lqas_summary_map_optimized_updt_21072026.R', LF will be replaced by CRLF the next time Git touches it
[1] 0
[main 5f1ae89] Auto commit: 2026-08-06 16:30
 12 files changed, 16236 insertions(+), 9 deletions(-)
 create mode 100644 app_updt_21072026.R
 create mode 100644 district_performance_optimized_updt_21072026.R
 create mode 100644 input/country_summary.csv
 create mode 100644 input/performance_summary.csv
 create mode 100644 lqas_summary_map_optimized_updt_21072026.R
To https://github.com/Go-toure/AFRO-SIA_Dashboard.git
 ! [rejected]        main -> main (non-fast-forward)
error: failed to push some refs to 'https://github.com/Go-toure/AFRO-SIA_Dashboard.git'
hint: Updates were rejected because the tip of your current branch is behind
hint: its remote counterpart. If you want to integrate the remote changes,
hint: use 'git pull' before pushing again.
hint: See the 'Note about fast-forwards' in 'git push --help' for details.

==============================
 GIT SYNC SUMMARY – AFRO-SIA Dashboard
==============================

      Metric            Count
       Added                5
    Modified                0
     Deleted                0
     Renamed                0
       Other                7
 Push Status         ⚠️ Failed
   Timestamp 2026-08-06 16:30

🚀 Git sync completed!
The email message was sent successfully.
✅ Email notification sent successfully.
[1] 0
[main c4f21f2] Updated git_sync_log.csv: 2026-08-06 16:30
 1 file changed, 1 insertion(+)
[1] 0
To https://github.com/Go-toure/AFRO-SIA_Dashboard.git
 ! [rejected]        main -> main (non-fast-forward)
error: failed to push some refs to 'https://github.com/Go-toure/AFRO-SIA_Dashboard.git'
hint: Updates were rejected because the tip of your current branch is behind
hint: its remote counterpart. If you want to integrate the remote changes,
hint: use 'git pull' before pushing again.
hint: See the 'Note about fast-forwards' in 'git push --help' for details.
[1] 1
c4f21f2 Updated git_sync_log.csv: 2026-08-06 16:30
[1] 0
Message d'avis :
le package 'keyring' a été compilé avec la version R 4.4.3 
[1] 0
[1] 0
ℹ️ Git repository already exists.
warning: in the working copy of 'setup_git_repo.log', LF will be replaced by CRLF the next time Git touches it
[1] 0
[main abc4e56] Auto commit: 2026-08-14 18:05
 2 files changed, 57 insertions(+), 1 deletion(-)
To https://github.com/Go-toure/AFRO-SIA_Dashboard.git
 ! [rejected]        main -> main (non-fast-forward)
error: failed to push some refs to 'https://github.com/Go-toure/AFRO-SIA_Dashboard.git'
hint: Updates were rejected because the tip of your current branch is behind
hint: its remote counterpart. If you want to integrate the remote changes,
hint: use 'git pull' before pushing again.
hint: See the 'Note about fast-forwards' in 'git push --help' for details.

==============================
 GIT SYNC SUMMARY – AFRO-SIA Dashboard
==============================

      Metric            Count
       Added                0
    Modified                0
     Deleted                0
     Renamed                0
       Other                2
 Push Status         ⚠️ Failed
   Timestamp 2026-08-14 18:05

🚀 Git sync completed!
The email message was sent successfully.
✅ Email notification sent successfully.
[1] 0
[main 0ac1351] Updated git_sync_log.csv: 2026-08-14 18:05
 1 file changed, 1 insertion(+)
[1] 0
To https://github.com/Go-toure/AFRO-SIA_Dashboard.git
 ! [rejected]        main -> main (non-fast-forward)
error: failed to push some refs to 'https://github.com/Go-toure/AFRO-SIA_Dashboard.git'
hint: Updates were rejected because the tip of your current branch is behind
hint: its remote counterpart. If you want to integrate the remote changes,
hint: use 'git pull' before pushing again.
hint: See the 'Note about fast-forwards' in 'git push --help' for details.
[1] 1
0ac1351 Updated git_sync_log.csv: 2026-08-14 18:05
[1] 0
Message d'avis :
le package 'keyring' a été compilé avec la version R 4.4.3 
[1] 0
[1] 0
ℹ️ Git repository already exists.
warning: in the working copy of 'setup_git_repo.log', LF will be replaced by CRLF the next time Git touches it
[1] 0
[main acb303a] Auto commit: 2026-08-15 18:08
 1 file changed, 47 insertions(+)
To https://github.com/Go-toure/AFRO-SIA_Dashboard.git
 ! [rejected]        main -> main (non-fast-forward)
error: failed to push some refs to 'https://github.com/Go-toure/AFRO-SIA_Dashboard.git'
hint: Updates were rejected because the tip of your current branch is behind
hint: its remote counterpart. If you want to integrate the remote changes,
hint: use 'git pull' before pushing again.
hint: See the 'Note about fast-forwards' in 'git push --help' for details.

==============================
 GIT SYNC SUMMARY – AFRO-SIA Dashboard
==============================

      Metric            Count
       Added                0
    Modified                0
     Deleted                0
     Renamed                0
       Other                1
 Push Status         ⚠️ Failed
   Timestamp 2026-08-15 18:08

🚀 Git sync completed!
The email message was sent successfully.
✅ Email notification sent successfully.
[1] 0
[main cea80f4] Updated git_sync_log.csv: 2026-08-15 18:08
 1 file changed, 1 insertion(+)
[1] 0
To https://github.com/Go-toure/AFRO-SIA_Dashboard.git
 ! [rejected]        main -> main (non-fast-forward)
error: failed to push some refs to 'https://github.com/Go-toure/AFRO-SIA_Dashboard.git'
hint: Updates were rejected because the tip of your current branch is behind
hint: its remote counterpart. If you want to integrate the remote changes,
hint: use 'git pull' before pushing again.
hint: See the 'Note about fast-forwards' in 'git push --help' for details.
[1] 1
cea80f4 Updated git_sync_log.csv: 2026-08-15 18:08
[1] 0
Message d'avis :
le package 'keyring' a été compilé avec la version R 4.4.3 
[1] 0
[1] 0
ℹ️ Git repository already exists.
warning: in the working copy of 'setup_git_repo.log', LF will be replaced by CRLF the next time Git touches it
[1] 0
[main 3fceaea] Auto commit: 2026-08-17 16:30
 3 files changed, 104 insertions(+), 1 deletion(-)
To https://github.com/Go-toure/AFRO-SIA_Dashboard.git
 ! [rejected]        main -> main (non-fast-forward)
error: failed to push some refs to 'https://github.com/Go-toure/AFRO-SIA_Dashboard.git'
hint: Updates were rejected because the tip of your current branch is behind
hint: its remote counterpart. If you want to integrate the remote changes,
hint: use 'git pull' before pushing again.
hint: See the 'Note about fast-forwards' in 'git push --help' for details.

==============================
 GIT SYNC SUMMARY – AFRO-SIA Dashboard
==============================

      Metric            Count
       Added                0
    Modified                0
     Deleted                0
     Renamed                0
       Other                3
 Push Status         ⚠️ Failed
   Timestamp 2026-08-17 16:30

🚀 Git sync completed!
⚠️ Email failed to send. Retrying in 10 seconds...
The email message was sent successfully.
✅ Email notification sent successfully.
[1] 0
[main c7807e8] Updated git_sync_log.csv: 2026-08-18 00:59
 1 file changed, 1 insertion(+)
[1] 0
To https://github.com/Go-toure/AFRO-SIA_Dashboard.git
 ! [rejected]        main -> main (non-fast-forward)
error: failed to push some refs to 'https://github.com/Go-toure/AFRO-SIA_Dashboard.git'
hint: Updates were rejected because the tip of your current branch is behind
hint: its remote counterpart. If you want to integrate the remote changes,
hint: use 'git pull' before pushing again.
hint: See the 'Note about fast-forwards' in 'git push --help' for details.
[1] 1
c7807e8 Updated git_sync_log.csv: 2026-08-18 00:59
[1] 0
Message d'avis :
le package 'keyring' a été compilé avec la version R 4.4.3 
[1] 0
[1] 0
ℹ️ Git repository already exists.
warning: in the working copy of 'setup_git_repo.log', LF will be replaced by CRLF the next time Git touches it
[1] 0
[main 50b4591] Auto commit: 2026-08-19 12:29
 6 files changed, 77 insertions(+), 1 deletion(-)
To https://github.com/Go-toure/AFRO-SIA_Dashboard.git
 ! [rejected]        main -> main (non-fast-forward)
error: failed to push some refs to 'https://github.com/Go-toure/AFRO-SIA_Dashboard.git'
hint: Updates were rejected because the tip of your current branch is behind
hint: its remote counterpart. If you want to integrate the remote changes,
hint: use 'git pull' before pushing again.
hint: See the 'Note about fast-forwards' in 'git push --help' for details.

==============================
 GIT SYNC SUMMARY – AFRO-SIA Dashboard
==============================

      Metric            Count
       Added                0
    Modified                0
     Deleted                0
     Renamed                0
       Other                6
 Push Status         ⚠️ Failed
   Timestamp 2026-08-19 12:29

🚀 Git sync completed!
The email message was sent successfully.
✅ Email notification sent successfully.
[1] 0
[main f62e83e] Updated git_sync_log.csv: 2026-08-19 12:29
 1 file changed, 1 insertion(+)
[1] 0
To https://github.com/Go-toure/AFRO-SIA_Dashboard.git
 ! [rejected]        main -> main (non-fast-forward)
error: failed to push some refs to 'https://github.com/Go-toure/AFRO-SIA_Dashboard.git'
hint: Updates were rejected because the tip of your current branch is behind
hint: its remote counterpart. If you want to integrate the remote changes,
hint: use 'git pull' before pushing again.
hint: See the 'Note about fast-forwards' in 'git push --help' for details.
[1] 1
f62e83e Updated git_sync_log.csv: 2026-08-19 12:29
[1] 0
Message d'avis :
le package 'keyring' a été compilé avec la version R 4.4.3 
[1] 0
[1] 0
ℹ️ Git repository already exists.
warning: in the working copy of 'setup_git_repo.log', LF will be replaced by CRLF the next time Git touches it
[1] 0
[main 71c3172] Auto commit: 2026-08-20 09:34
 3 files changed, 80 insertions(+), 1 deletion(-)
To https://github.com/Go-toure/AFRO-SIA_Dashboard.git
 ! [rejected]        main -> main (non-fast-forward)
error: failed to push some refs to 'https://github.com/Go-toure/AFRO-SIA_Dashboard.git'
hint: Updates were rejected because the tip of your current branch is behind
hint: its remote counterpart. If you want to integrate the remote changes,
hint: use 'git pull' before pushing again.
hint: See the 'Note about fast-forwards' in 'git push --help' for details.

==============================
 GIT SYNC SUMMARY – AFRO-SIA Dashboard
==============================

      Metric            Count
       Added                0
    Modified                0
     Deleted                0
     Renamed                0
       Other                3
 Push Status         ⚠️ Failed
   Timestamp 2026-08-20 09:34

🚀 Git sync completed!
The email message was sent successfully.
✅ Email notification sent successfully.
[1] 0
[main fec74b0] Updated git_sync_log.csv: 2026-08-20 09:34
 1 file changed, 1 insertion(+)
[1] 0
To https://github.com/Go-toure/AFRO-SIA_Dashboard.git
 ! [rejected]        main -> main (non-fast-forward)
error: failed to push some refs to 'https://github.com/Go-toure/AFRO-SIA_Dashboard.git'
hint: Updates were rejected because the tip of your current branch is behind
hint: its remote counterpart. If you want to integrate the remote changes,
hint: use 'git pull' before pushing again.
hint: See the 'Note about fast-forwards' in 'git push --help' for details.
[1] 1
fec74b0 Updated git_sync_log.csv: 2026-08-20 09:34
[1] 0
Message d'avis :
le package 'keyring' a été compilé avec la version R 4.4.3 
[1] 0
[1] 0
ℹ️ Git repository already exists.
warning: in the working copy of 'setup_git_repo.log', LF will be replaced by CRLF the next time Git touches it
[1] 0
[main 9814541] Auto commit: 2026-08-20 16:30
 3 files changed, 75 insertions(+), 1 deletion(-)
To https://github.com/Go-toure/AFRO-SIA_Dashboard.git
 ! [rejected]        main -> main (non-fast-forward)
error: failed to push some refs to 'https://github.com/Go-toure/AFRO-SIA_Dashboard.git'
hint: Updates were rejected because the tip of your current branch is behind
hint: its remote counterpart. If you want to integrate the remote changes,
hint: use 'git pull' before pushing again.
hint: See the 'Note about fast-forwards' in 'git push --help' for details.

==============================
 GIT SYNC SUMMARY – AFRO-SIA Dashboard
==============================

      Metric            Count
       Added                0
    Modified                0
     Deleted                0
     Renamed                0
       Other                3
 Push Status         ⚠️ Failed
   Timestamp 2026-08-20 16:30

🚀 Git sync completed!
The email message was sent successfully.
✅ Email notification sent successfully.
[1] 0
[main a6f9ff7] Updated git_sync_log.csv: 2026-08-20 16:30
 1 file changed, 1 insertion(+)
[1] 0
To https://github.com/Go-toure/AFRO-SIA_Dashboard.git
 ! [rejected]        main -> main (non-fast-forward)
error: failed to push some refs to 'https://github.com/Go-toure/AFRO-SIA_Dashboard.git'
hint: Updates were rejected because the tip of your current branch is behind
hint: its remote counterpart. If you want to integrate the remote changes,
hint: use 'git pull' before pushing again.
hint: See the 'Note about fast-forwards' in 'git push --help' for details.
[1] 1
a6f9ff7 Updated git_sync_log.csv: 2026-08-20 16:30
[1] 0
Message d'avis :
le package 'keyring' a été compilé avec la version R 4.4.3 
[1] 0
[1] 0
ℹ️ Git repository already exists.
warning: in the working copy of 'setup_git_repo.log', LF will be replaced by CRLF the next time Git touches it
[1] 0
[main 3f67347] Auto commit: 2026-08-21 18:27
 3 files changed, 75 insertions(+), 1 deletion(-)
To https://github.com/Go-toure/AFRO-SIA_Dashboard.git
 ! [rejected]        main -> main (non-fast-forward)
error: failed to push some refs to 'https://github.com/Go-toure/AFRO-SIA_Dashboard.git'
hint: Updates were rejected because the tip of your current branch is behind
hint: its remote counterpart. If you want to integrate the remote changes,
hint: use 'git pull' before pushing again.
hint: See the 'Note about fast-forwards' in 'git push --help' for details.

==============================
 GIT SYNC SUMMARY – AFRO-SIA Dashboard
==============================

      Metric            Count
       Added                0
    Modified                0
     Deleted                0
     Renamed                0
       Other                3
 Push Status         ⚠️ Failed
   Timestamp 2026-08-21 18:27

🚀 Git sync completed!
The email message was sent successfully.
✅ Email notification sent successfully.
[1] 0
[main a168279] Updated git_sync_log.csv: 2026-08-21 18:27
 1 file changed, 1 insertion(+)
[1] 0
To https://github.com/Go-toure/AFRO-SIA_Dashboard.git
 ! [rejected]        main -> main (non-fast-forward)
error: failed to push some refs to 'https://github.com/Go-toure/AFRO-SIA_Dashboard.git'
hint: Updates were rejected because the tip of your current branch is behind
hint: its remote counterpart. If you want to integrate the remote changes,
hint: use 'git pull' before pushing again.
hint: See the 'Note about fast-forwards' in 'git push --help' for details.
[1] 1
a168279 Updated git_sync_log.csv: 2026-08-21 18:27
[1] 0
Message d'avis :
le package 'keyring' a été compilé avec la version R 4.4.3 
[1] 0
[1] 0
ℹ️ Git repository already exists.
warning: in the working copy of 'setup_git_repo.log', LF will be replaced by CRLF the next time Git touches it
[1] 0
[main f785c57] Auto commit: 2026-08-22 17:46
 3 files changed, 75 insertions(+), 1 deletion(-)
To https://github.com/Go-toure/AFRO-SIA_Dashboard.git
 ! [rejected]        main -> main (non-fast-forward)
error: failed to push some refs to 'https://github.com/Go-toure/AFRO-SIA_Dashboard.git'
hint: Updates were rejected because the tip of your current branch is behind
hint: its remote counterpart. If you want to integrate the remote changes,
hint: use 'git pull' before pushing again.
hint: See the 'Note about fast-forwards' in 'git push --help' for details.

==============================
 GIT SYNC SUMMARY – AFRO-SIA Dashboard
==============================

      Metric            Count
       Added                0
    Modified                0
     Deleted                0
     Renamed                0
       Other                3
 Push Status         ⚠️ Failed
   Timestamp 2026-08-22 17:46

🚀 Git sync completed!
The email message was sent successfully.
✅ Email notification sent successfully.
[1] 0
[main 6a16404] Updated git_sync_log.csv: 2026-08-22 17:47
 1 file changed, 1 insertion(+)
[1] 0
To https://github.com/Go-toure/AFRO-SIA_Dashboard.git
 ! [rejected]        main -> main (non-fast-forward)
error: failed to push some refs to 'https://github.com/Go-toure/AFRO-SIA_Dashboard.git'
hint: Updates were rejected because the tip of your current branch is behind
hint: its remote counterpart. If you want to integrate the remote changes,
hint: use 'git pull' before pushing again.
hint: See the 'Note about fast-forwards' in 'git push --help' for details.
[1] 1
6a16404 Updated git_sync_log.csv: 2026-08-22 17:47
[1] 0
Message d'avis :
le package 'keyring' a été compilé avec la version R 4.4.3 
[1] 0
[1] 0
ℹ️ Git repository already exists.
warning: in the working copy of 'setup_git_repo.log', LF will be replaced by CRLF the next time Git touches it
[1] 0
[main 8c0e776] Auto commit: 2026-08-24 16:30
 3 files changed, 75 insertions(+), 1 deletion(-)
To https://github.com/Go-toure/AFRO-SIA_Dashboard.git
 ! [rejected]        main -> main (non-fast-forward)
error: failed to push some refs to 'https://github.com/Go-toure/AFRO-SIA_Dashboard.git'
hint: Updates were rejected because the tip of your current branch is behind
hint: its remote counterpart. If you want to integrate the remote changes,
hint: use 'git pull' before pushing again.
hint: See the 'Note about fast-forwards' in 'git push --help' for details.

==============================
 GIT SYNC SUMMARY – AFRO-SIA Dashboard
==============================

      Metric            Count
       Added                0
    Modified                0
     Deleted                0
     Renamed                0
       Other                3
 Push Status         ⚠️ Failed
   Timestamp 2026-08-24 16:30

🚀 Git sync completed!
The email message was sent successfully.
✅ Email notification sent successfully.
[1] 0
[main 6358cf8] Updated git_sync_log.csv: 2026-08-24 16:30
 1 file changed, 1 insertion(+)
[1] 0
To https://github.com/Go-toure/AFRO-SIA_Dashboard.git
 ! [rejected]        main -> main (non-fast-forward)
error: failed to push some refs to 'https://github.com/Go-toure/AFRO-SIA_Dashboard.git'
hint: Updates were rejected because the tip of your current branch is behind
hint: its remote counterpart. If you want to integrate the remote changes,
hint: use 'git pull' before pushing again.
hint: See the 'Note about fast-forwards' in 'git push --help' for details.
[1] 1
6358cf8 Updated git_sync_log.csv: 2026-08-24 16:30
[1] 0
Message d'avis :
le package 'keyring' a été compilé avec la version R 4.4.3 
[1] 0
[1] 0
ℹ️ Git repository already exists.
warning: in the working copy of 'setup_git_repo.log', LF will be replaced by CRLF the next time Git touches it
[1] 0
[main cfa907c] Auto commit: 2026-08-25 16:30
 4 files changed, 75 insertions(+), 1 deletion(-)
fatal: unable to access 'https://github.com/Go-toure/AFRO-SIA_Dashboard.git/': Send failure: Connection was reset

==============================
 GIT SYNC SUMMARY – AFRO-SIA Dashboard
==============================

      Metric            Count
       Added                0
    Modified                0
     Deleted                0
     Renamed                0
       Other                4
 Push Status         ⚠️ Failed
   Timestamp 2026-08-25 18:31

🚀 Git sync completed!
⚠️ Email failed to send. Retrying in 10 seconds...
Message d'avis :
le package 'keyring' a été compilé avec la version R 4.4.3 
[1] 0
[1] 0
ℹ️ Git repository already exists.
warning: in the working copy of 'setup_git_repo.log', LF will be replaced by CRLF the next time Git touches it
[1] 0
[main 4266be3] Auto commit: 2026-08-27 08:01
 4 files changed, 55 insertions(+), 1 deletion(-)
To https://github.com/Go-toure/AFRO-SIA_Dashboard.git
 ! [rejected]        main -> main (non-fast-forward)
error: failed to push some refs to 'https://github.com/Go-toure/AFRO-SIA_Dashboard.git'
hint: Updates were rejected because the tip of your current branch is behind
hint: its remote counterpart. If you want to integrate the remote changes,
hint: use 'git pull' before pushing again.
hint: See the 'Note about fast-forwards' in 'git push --help' for details.

==============================
 GIT SYNC SUMMARY – AFRO-SIA Dashboard
==============================

      Metric            Count
       Added                0
    Modified                0
     Deleted                0
     Renamed                0
       Other                4
 Push Status         ⚠️ Failed
   Timestamp 2026-08-27 08:01

🚀 Git sync completed!
The email message was sent successfully.
✅ Email notification sent successfully.
[1] 0
[main eff70de] Updated git_sync_log.csv: 2026-08-27 08:02
 1 file changed, 1 insertion(+)
[1] 0
To https://github.com/Go-toure/AFRO-SIA_Dashboard.git
 ! [rejected]        main -> main (non-fast-forward)
error: failed to push some refs to 'https://github.com/Go-toure/AFRO-SIA_Dashboard.git'
hint: Updates were rejected because the tip of your current branch is behind
hint: its remote counterpart. If you want to integrate the remote changes,
hint: use 'git pull' before pushing again.
hint: See the 'Note about fast-forwards' in 'git push --help' for details.
[1] 1
eff70de Updated git_sync_log.csv: 2026-08-27 08:02
[1] 0
Message d'avis :
le package 'keyring' a été compilé avec la version R 4.4.3 
[1] 0
[1] 0
ℹ️ Git repository already exists.
warning: in the working copy of 'setup_git_repo.log', LF will be replaced by CRLF the next time Git touches it
[1] 0
[main 6245881] Auto commit: 2026-08-27 16:30
 3 files changed, 75 insertions(+), 1 deletion(-)
To https://github.com/Go-toure/AFRO-SIA_Dashboard.git
 ! [rejected]        main -> main (non-fast-forward)
error: failed to push some refs to 'https://github.com/Go-toure/AFRO-SIA_Dashboard.git'
hint: Updates were rejected because the tip of your current branch is behind
hint: its remote counterpart. If you want to integrate the remote changes,
hint: use 'git pull' before pushing again.
hint: See the 'Note about fast-forwards' in 'git push --help' for details.

==============================
 GIT SYNC SUMMARY – AFRO-SIA Dashboard
==============================

      Metric            Count
       Added                0
    Modified                0
     Deleted                0
     Renamed                0
       Other                3
 Push Status         ⚠️ Failed
   Timestamp 2026-08-27 16:30

🚀 Git sync completed!
The email message was sent successfully.
✅ Email notification sent successfully.
[1] 0
[main 1fd7e82] Updated git_sync_log.csv: 2026-08-27 16:30
 1 file changed, 1 insertion(+)
[1] 0
To https://github.com/Go-toure/AFRO-SIA_Dashboard.git
 ! [rejected]        main -> main (non-fast-forward)
error: failed to push some refs to 'https://github.com/Go-toure/AFRO-SIA_Dashboard.git'
hint: Updates were rejected because the tip of your current branch is behind
hint: its remote counterpart. If you want to integrate the remote changes,
hint: use 'git pull' before pushing again.
hint: See the 'Note about fast-forwards' in 'git push --help' for details.
[1] 1
1fd7e82 Updated git_sync_log.csv: 2026-08-27 16:30
[1] 0
Message d'avis :
le package 'keyring' a été compilé avec la version R 4.4.3 
[1] 0
[1] 0
ℹ️ Git repository already exists.
warning: in the working copy of 'setup_git_repo.log', LF will be replaced by CRLF the next time Git touches it
[1] 0
[main 339a869] Auto commit: 2026-08-28 16:31
 3 files changed, 77 insertions(+), 1 deletion(-)
To https://github.com/Go-toure/AFRO-SIA_Dashboard.git
 ! [rejected]        main -> main (non-fast-forward)
error: failed to push some refs to 'https://github.com/Go-toure/AFRO-SIA_Dashboard.git'
hint: Updates were rejected because the tip of your current branch is behind
hint: its remote counterpart. If you want to integrate the remote changes,
hint: use 'git pull' before pushing again.
hint: See the 'Note about fast-forwards' in 'git push --help' for details.

==============================
 GIT SYNC SUMMARY – AFRO-SIA Dashboard
==============================

      Metric            Count
       Added                0
    Modified                0
     Deleted                0
     Renamed                0
       Other                3
 Push Status         ⚠️ Failed
   Timestamp 2026-08-28 16:31

🚀 Git sync completed!
The email message was sent successfully.
✅ Email notification sent successfully.
[1] 0
[main 58c39b7] Updated git_sync_log.csv: 2026-08-28 16:31
 1 file changed, 1 insertion(+)
[1] 0
To https://github.com/Go-toure/AFRO-SIA_Dashboard.git
 ! [rejected]        main -> main (non-fast-forward)
error: failed to push some refs to 'https://github.com/Go-toure/AFRO-SIA_Dashboard.git'
hint: Updates were rejected because the tip of your current branch is behind
hint: its remote counterpart. If you want to integrate the remote changes,
hint: use 'git pull' before pushing again.
hint: See the 'Note about fast-forwards' in 'git push --help' for details.
[1] 1
58c39b7 Updated git_sync_log.csv: 2026-08-28 16:31
[1] 0
Message d'avis :
le package 'keyring' a été compilé avec la version R 4.4.3 
[1] 0
[1] 0
ℹ️ Git repository already exists.
warning: in the working copy of 'setup_git_repo.log', LF will be replaced by CRLF the next time Git touches it
[1] 0
[main 073ccbb] Auto commit: 2026-08-30 18:57
 2 files changed, 48 insertions(+), 1 deletion(-)
To https://github.com/Go-toure/AFRO-SIA_Dashboard.git
 ! [rejected]        main -> main (non-fast-forward)
error: failed to push some refs to 'https://github.com/Go-toure/AFRO-SIA_Dashboard.git'
hint: Updates were rejected because the tip of your current branch is behind
hint: its remote counterpart. If you want to integrate the remote changes,
hint: use 'git pull' before pushing again.
hint: See the 'Note about fast-forwards' in 'git push --help' for details.

==============================
 GIT SYNC SUMMARY – AFRO-SIA Dashboard
==============================

      Metric            Count
       Added                0
    Modified                0
     Deleted                0
     Renamed                0
       Other                2
 Push Status         ⚠️ Failed
   Timestamp 2026-08-30 18:57

🚀 Git sync completed!
The email message was sent successfully.
✅ Email notification sent successfully.
[1] 0
[main 705b485] Updated git_sync_log.csv: 2026-08-30 18:57
 1 file changed, 1 insertion(+)
[1] 0
To https://github.com/Go-toure/AFRO-SIA_Dashboard.git
 ! [rejected]        main -> main (non-fast-forward)
error: failed to push some refs to 'https://github.com/Go-toure/AFRO-SIA_Dashboard.git'
hint: Updates were rejected because the tip of your current branch is behind
hint: its remote counterpart. If you want to integrate the remote changes,
hint: use 'git pull' before pushing again.
hint: See the 'Note about fast-forwards' in 'git push --help' for details.
[1] 1
705b485 Updated git_sync_log.csv: 2026-08-30 18:57
[1] 0
Message d'avis :
le package 'keyring' a été compilé avec la version R 4.4.3 
[1] 0
[1] 0
ℹ️ Git repository already exists.
warning: in the working copy of 'setup_git_repo.log', LF will be replaced by CRLF the next time Git touches it
[1] 0
[main 0294cc9] Auto commit: 2026-08-31 16:30
 2 files changed, 48 insertions(+), 1 deletion(-)
To https://github.com/Go-toure/AFRO-SIA_Dashboard.git
 ! [rejected]        main -> main (non-fast-forward)
error: failed to push some refs to 'https://github.com/Go-toure/AFRO-SIA_Dashboard.git'
hint: Updates were rejected because the tip of your current branch is behind
hint: its remote counterpart. If you want to integrate the remote changes,
hint: use 'git pull' before pushing again.
hint: See the 'Note about fast-forwards' in 'git push --help' for details.

==============================
 GIT SYNC SUMMARY – AFRO-SIA Dashboard
==============================

      Metric            Count
       Added                0
    Modified                0
     Deleted                0
     Renamed                0
       Other                2
 Push Status         ⚠️ Failed
   Timestamp 2026-08-31 16:30

🚀 Git sync completed!
The email message was sent successfully.
✅ Email notification sent successfully.
[1] 0
[main f71e838] Updated git_sync_log.csv: 2026-08-31 16:30
 1 file changed, 1 insertion(+)
[1] 0
To https://github.com/Go-toure/AFRO-SIA_Dashboard.git
 ! [rejected]        main -> main (non-fast-forward)
error: failed to push some refs to 'https://github.com/Go-toure/AFRO-SIA_Dashboard.git'
hint: Updates were rejected because the tip of your current branch is behind
hint: its remote counterpart. If you want to integrate the remote changes,
hint: use 'git pull' before pushing again.
hint: See the 'Note about fast-forwards' in 'git push --help' for details.
[1] 1
f71e838 Updated git_sync_log.csv: 2026-08-31 16:30
[1] 0
Message d'avis :
le package 'keyring' a été compilé avec la version R 4.4.3 
[1] 0
[1] 0
ℹ️ Git repository already exists.
warning: in the working copy of 'setup_git_repo.log', LF will be replaced by CRLF the next time Git touches it
[1] 0
[main 567bb44] Auto commit: 2026-09-01 16:30
 5 files changed, 75 insertions(+), 1 deletion(-)
To https://github.com/Go-toure/AFRO-SIA_Dashboard.git
 ! [rejected]        main -> main (non-fast-forward)
error: failed to push some refs to 'https://github.com/Go-toure/AFRO-SIA_Dashboard.git'
hint: Updates were rejected because the tip of your current branch is behind
hint: its remote counterpart. If you want to integrate the remote changes,
hint: use 'git pull' before pushing again.
hint: See the 'Note about fast-forwards' in 'git push --help' for details.

==============================
 GIT SYNC SUMMARY – AFRO-SIA Dashboard
==============================

      Metric            Count
       Added                0
    Modified                0
     Deleted                0
     Renamed                0
       Other                5
 Push Status         ⚠️ Failed
   Timestamp 2026-09-01 16:30

🚀 Git sync completed!
The email message was sent successfully.
✅ Email notification sent successfully.
[1] 0
[main 6dde313] Updated git_sync_log.csv: 2026-09-01 16:30
 1 file changed, 1 insertion(+)
[1] 0
To https://github.com/Go-toure/AFRO-SIA_Dashboard.git
 ! [rejected]        main -> main (non-fast-forward)
error: failed to push some refs to 'https://github.com/Go-toure/AFRO-SIA_Dashboard.git'
hint: Updates were rejected because the tip of your current branch is behind
hint: its remote counterpart. If you want to integrate the remote changes,
hint: use 'git pull' before pushing again.
hint: See the 'Note about fast-forwards' in 'git push --help' for details.
[1] 1
6dde313 Updated git_sync_log.csv: 2026-09-01 16:30
[1] 0
Message d'avis :
le package 'keyring' a été compilé avec la version R 4.4.3 
[1] 0
[1] 0
ℹ️ Git repository already exists.
warning: in the working copy of 'setup_git_repo.log', LF will be replaced by CRLF the next time Git touches it
[1] 0
[main e73db2e] Auto commit: 2026-09-03 16:30
 5 files changed, 100 insertions(+), 1 deletion(-)
To https://github.com/Go-toure/AFRO-SIA_Dashboard.git
 ! [rejected]        main -> main (non-fast-forward)
error: failed to push some refs to 'https://github.com/Go-toure/AFRO-SIA_Dashboard.git'
hint: Updates were rejected because the tip of your current branch is behind
hint: its remote counterpart. If you want to integrate the remote changes,
hint: use 'git pull' before pushing again.
hint: See the 'Note about fast-forwards' in 'git push --help' for details.

==============================
 GIT SYNC SUMMARY – AFRO-SIA Dashboard
==============================

      Metric            Count
       Added                0
    Modified                0
     Deleted                0
     Renamed                0
       Other                5
 Push Status         ⚠️ Failed
   Timestamp 2026-09-03 16:30

🚀 Git sync completed!
The email message was sent successfully.
✅ Email notification sent successfully.
[1] 0
[main 4a822a9] Updated git_sync_log.csv: 2026-09-03 16:30
 1 file changed, 1 insertion(+)
[1] 0
To https://github.com/Go-toure/AFRO-SIA_Dashboard.git
 ! [rejected]        main -> main (non-fast-forward)
error: failed to push some refs to 'https://github.com/Go-toure/AFRO-SIA_Dashboard.git'
hint: Updates were rejected because the tip of your current branch is behind
hint: its remote counterpart. If you want to integrate the remote changes,
hint: use 'git pull' before pushing again.
hint: See the 'Note about fast-forwards' in 'git push --help' for details.
[1] 1
4a822a9 Updated git_sync_log.csv: 2026-09-03 16:30
[1] 0
Message d'avis :
le package 'keyring' a été compilé avec la version R 4.4.3 
[1] 0
[1] 0
ℹ️ Git repository already exists.
warning: in the working copy of 'setup_git_repo.log', LF will be replaced by CRLF the next time Git touches it
[1] 0
[main f87b0c8] Auto commit: 2026-09-04 16:30
 3 files changed, 75 insertions(+), 1 deletion(-)
To https://github.com/Go-toure/AFRO-SIA_Dashboard.git
 ! [rejected]        main -> main (non-fast-forward)
error: failed to push some refs to 'https://github.com/Go-toure/AFRO-SIA_Dashboard.git'
hint: Updates were rejected because the tip of your current branch is behind
hint: its remote counterpart. If you want to integrate the remote changes,
hint: use 'git pull' before pushing again.
hint: See the 'Note about fast-forwards' in 'git push --help' for details.

==============================
 GIT SYNC SUMMARY – AFRO-SIA Dashboard
==============================

      Metric            Count
       Added                0
    Modified                0
     Deleted                0
     Renamed                0
       Other                3
 Push Status         ⚠️ Failed
   Timestamp 2026-09-04 16:30

🚀 Git sync completed!
The email message was sent successfully.
✅ Email notification sent successfully.
[1] 0
[main c87c294] Updated git_sync_log.csv: 2026-09-04 16:30
 1 file changed, 1 insertion(+)
[1] 0
To https://github.com/Go-toure/AFRO-SIA_Dashboard.git
 ! [rejected]        main -> main (non-fast-forward)
error: failed to push some refs to 'https://github.com/Go-toure/AFRO-SIA_Dashboard.git'
hint: Updates were rejected because the tip of your current branch is behind
hint: its remote counterpart. If you want to integrate the remote changes,
hint: use 'git pull' before pushing again.
hint: See the 'Note about fast-forwards' in 'git push --help' for details.
[1] 1
c87c294 Updated git_sync_log.csv: 2026-09-04 16:30
[1] 0
Message d'avis :
le package 'keyring' a été compilé avec la version R 4.4.3 
[1] 0
[1] 0
ℹ️ Git repository already exists.
warning: in the working copy of 'setup_git_repo.log', LF will be replaced by CRLF the next time Git touches it
[1] 0
[main d05e742] Auto commit: 2026-09-05 16:30
 3 files changed, 75 insertions(+), 1 deletion(-)
To https://github.com/Go-toure/AFRO-SIA_Dashboard.git
 ! [rejected]        main -> main (non-fast-forward)
error: failed to push some refs to 'https://github.com/Go-toure/AFRO-SIA_Dashboard.git'
hint: Updates were rejected because the tip of your current branch is behind
hint: its remote counterpart. If you want to integrate the remote changes,
hint: use 'git pull' before pushing again.
hint: See the 'Note about fast-forwards' in 'git push --help' for details.

==============================
 GIT SYNC SUMMARY – AFRO-SIA Dashboard
==============================

      Metric            Count
       Added                0
    Modified                0
     Deleted                0
     Renamed                0
       Other                3
 Push Status         ⚠️ Failed
   Timestamp 2026-09-05 16:30

🚀 Git sync completed!
The email message was sent successfully.
✅ Email notification sent successfully.
[1] 0
[main 6400343] Updated git_sync_log.csv: 2026-09-05 16:30
 1 file changed, 1 insertion(+)
[1] 0
To https://github.com/Go-toure/AFRO-SIA_Dashboard.git
 ! [rejected]        main -> main (non-fast-forward)
error: failed to push some refs to 'https://github.com/Go-toure/AFRO-SIA_Dashboard.git'
hint: Updates were rejected because the tip of your current branch is behind
hint: its remote counterpart. If you want to integrate the remote changes,
hint: use 'git pull' before pushing again.
hint: See the 'Note about fast-forwards' in 'git push --help' for details.
[1] 1
6400343 Updated git_sync_log.csv: 2026-09-05 16:30
[1] 0
Message d'avis :
le package 'keyring' a été compilé avec la version R 4.4.3 
[1] 0
[1] 0
ℹ️ Git repository already exists.
warning: in the working copy of 'setup_git_repo.log', LF will be replaced by CRLF the next time Git touches it
[1] 0
[main 7bba552] Auto commit: 2026-09-06 21:13
 2 files changed, 48 insertions(+), 1 deletion(-)
To https://github.com/Go-toure/AFRO-SIA_Dashboard.git
 ! [rejected]        main -> main (non-fast-forward)
error: failed to push some refs to 'https://github.com/Go-toure/AFRO-SIA_Dashboard.git'
hint: Updates were rejected because the tip of your current branch is behind
hint: its remote counterpart. If you want to integrate the remote changes,
hint: use 'git pull' before pushing again.
hint: See the 'Note about fast-forwards' in 'git push --help' for details.

==============================
 GIT SYNC SUMMARY – AFRO-SIA Dashboard
==============================

      Metric            Count
       Added                0
    Modified                0
     Deleted                0
     Renamed                0
       Other                2
 Push Status         ⚠️ Failed
   Timestamp 2026-09-06 21:13

🚀 Git sync completed!
The email message was sent successfully.
✅ Email notification sent successfully.
[1] 0
[main 5531a13] Updated git_sync_log.csv: 2026-09-06 21:13
 1 file changed, 1 insertion(+)
[1] 0
To https://github.com/Go-toure/AFRO-SIA_Dashboard.git
 ! [rejected]        main -> main (non-fast-forward)
error: failed to push some refs to 'https://github.com/Go-toure/AFRO-SIA_Dashboard.git'
hint: Updates were rejected because the tip of your current branch is behind
hint: its remote counterpart. If you want to integrate the remote changes,
hint: use 'git pull' before pushing again.
hint: See the 'Note about fast-forwards' in 'git push --help' for details.
[1] 1
5531a13 Updated git_sync_log.csv: 2026-09-06 21:13
[1] 0
Message d'avis :
le package 'keyring' a été compilé avec la version R 4.4.3 
[1] 0
[1] 0
ℹ️ Git repository already exists.
warning: in the working copy of 'setup_git_repo.log', LF will be replaced by CRLF the next time Git touches it
[1] 0
[main 57d788b] Auto commit: 2026-09-07 16:30
 5 files changed, 104 insertions(+), 2 deletions(-)
 create mode 100644 .vscode/launch.json
To https://github.com/Go-toure/AFRO-SIA_Dashboard.git
 ! [rejected]        main -> main (non-fast-forward)
error: failed to push some refs to 'https://github.com/Go-toure/AFRO-SIA_Dashboard.git'
hint: Updates were rejected because the tip of your current branch is behind
hint: its remote counterpart. If you want to integrate the remote changes,
hint: use 'git pull' before pushing again.
hint: See the 'Note about fast-forwards' in 'git push --help' for details.

==============================
 GIT SYNC SUMMARY – AFRO-SIA Dashboard
==============================

      Metric            Count
       Added                1
    Modified                0
     Deleted                0
     Renamed                0
       Other                4
 Push Status         ⚠️ Failed
   Timestamp 2026-09-07 16:30

🚀 Git sync completed!
The email message was sent successfully.
✅ Email notification sent successfully.
[1] 0
[main 3937cc4] Updated git_sync_log.csv: 2026-09-07 16:30
 1 file changed, 1 insertion(+)
[1] 0
To https://github.com/Go-toure/AFRO-SIA_Dashboard.git
 ! [rejected]        main -> main (non-fast-forward)
error: failed to push some refs to 'https://github.com/Go-toure/AFRO-SIA_Dashboard.git'
hint: Updates were rejected because the tip of your current branch is behind
hint: its remote counterpart. If you want to integrate the remote changes,
hint: use 'git pull' before pushing again.
hint: See the 'Note about fast-forwards' in 'git push --help' for details.
[1] 1
3937cc4 Updated git_sync_log.csv: 2026-09-07 16:30
[1] 0
Message d'avis :
le package 'keyring' a été compilé avec la version R 4.4.3 
[1] 0
[1] 0
ℹ️ Git repository already exists.
warning: in the working copy of 'setup_git_repo.log', LF will be replaced by CRLF the next time Git touches it
[1] 0
[main 6983a7b] Auto commit: 2026-09-09 09:37
 9 files changed, 452 insertions(+), 190 deletions(-)
To https://github.com/Go-toure/AFRO-SIA_Dashboard.git
 ! [rejected]        main -> main (non-fast-forward)
error: failed to push some refs to 'https://github.com/Go-toure/AFRO-SIA_Dashboard.git'
hint: Updates were rejected because the tip of your current branch is behind
hint: its remote counterpart. If you want to integrate the remote changes,
hint: use 'git pull' before pushing again.
hint: See the 'Note about fast-forwards' in 'git push --help' for details.

==============================
 GIT SYNC SUMMARY – AFRO-SIA Dashboard
==============================

      Metric            Count
       Added                0
    Modified                0
     Deleted                0
     Renamed                0
       Other                9
 Push Status         ⚠️ Failed
   Timestamp 2026-09-09 09:37

🚀 Git sync completed!
The email message was sent successfully.
✅ Email notification sent successfully.
[1] 0
[main 2501965] Updated git_sync_log.csv: 2026-09-09 09:37
 1 file changed, 1 insertion(+)
[1] 0
To https://github.com/Go-toure/AFRO-SIA_Dashboard.git
 ! [rejected]        main -> main (non-fast-forward)
error: failed to push some refs to 'https://github.com/Go-toure/AFRO-SIA_Dashboard.git'
hint: Updates were rejected because the tip of your current branch is behind
hint: its remote counterpart. If you want to integrate the remote changes,
hint: use 'git pull' before pushing again.
hint: See the 'Note about fast-forwards' in 'git push --help' for details.
[1] 1
2501965 Updated git_sync_log.csv: 2026-09-09 09:37
[1] 0
Message d'avis :
le package 'keyring' a été compilé avec la version R 4.4.3 
[1] 0
[1] 0
ℹ️ Git repository already exists.
warning: in the working copy of 'setup_git_repo.log', LF will be replaced by CRLF the next time Git touches it
[1] 0
[main 4236afd] Auto commit: 2026-09-09 16:30
 11 files changed, 872 insertions(+), 23 deletions(-)
 delete mode 100644 input/AFRO_admin_data_vf2.rds
To https://github.com/Go-toure/AFRO-SIA_Dashboard.git
 ! [rejected]        main -> main (non-fast-forward)
error: failed to push some refs to 'https://github.com/Go-toure/AFRO-SIA_Dashboard.git'
hint: Updates were rejected because the tip of your current branch is behind
hint: its remote counterpart. If you want to integrate the remote changes,
hint: use 'git pull' before pushing again.
hint: See the 'Note about fast-forwards' in 'git push --help' for details.

==============================
 GIT SYNC SUMMARY – AFRO-SIA Dashboard
==============================

      Metric            Count
       Added                0
    Modified                0
     Deleted                0
     Renamed                0
       Other               11
 Push Status         ⚠️ Failed
   Timestamp 2026-09-09 16:30

🚀 Git sync completed!
The email message was sent successfully.
✅ Email notification sent successfully.
[1] 0
[main c4f00ee] Updated git_sync_log.csv: 2026-09-09 16:30
 1 file changed, 1 insertion(+)
[1] 0
To https://github.com/Go-toure/AFRO-SIA_Dashboard.git
 ! [rejected]        main -> main (non-fast-forward)
error: failed to push some refs to 'https://github.com/Go-toure/AFRO-SIA_Dashboard.git'
hint: Updates were rejected because the tip of your current branch is behind
hint: its remote counterpart. If you want to integrate the remote changes,
hint: use 'git pull' before pushing again.
hint: See the 'Note about fast-forwards' in 'git push --help' for details.
[1] 1
c4f00ee Updated git_sync_log.csv: 2026-09-09 16:30
[1] 0
Message d'avis :
le package 'keyring' a été compilé avec la version R 4.4.3 
[1] 0
[1] 0
ℹ️ Git repository already exists.
warning: in the working copy of 'setup_git_repo.log', LF will be replaced by CRLF the next time Git touches it
warning: in the working copy of 'shapefile_prep_utils.R', LF will be replaced by CRLF the next time Git touches it
[1] 0
[main 52fc64f] Auto commit: 2026-09-10 16:30
 13 files changed, 536 insertions(+), 246 deletions(-)
 create mode 100644 input/africa_countries_simplified.rds
 create mode 100644 input/africa_districts_simplified.rds
 create mode 100644 input/africa_provinces_simplified.rds
 create mode 100644 input/ambiguous_district_pairs.rds
 create mode 100644 shapefile_prep_utils.R
To https://github.com/Go-toure/AFRO-SIA_Dashboard.git
 ! [rejected]        main -> main (non-fast-forward)
error: failed to push some refs to 'https://github.com/Go-toure/AFRO-SIA_Dashboard.git'
hint: Updates were rejected because the tip of your current branch is behind
hint: its remote counterpart. If you want to integrate the remote changes,
hint: use 'git pull' before pushing again.
hint: See the 'Note about fast-forwards' in 'git push --help' for details.

==============================
 GIT SYNC SUMMARY – AFRO-SIA Dashboard
==============================

      Metric            Count
       Added                5
    Modified                0
     Deleted                0
     Renamed                0
       Other                8
 Push Status         ⚠️ Failed
   Timestamp 2026-09-10 16:30

🚀 Git sync completed!
The email message was sent successfully.
✅ Email notification sent successfully.
[1] 0
[main d251c53] Updated git_sync_log.csv: 2026-09-10 16:30
 1 file changed, 1 insertion(+)
[1] 0
To https://github.com/Go-toure/AFRO-SIA_Dashboard.git
 ! [rejected]        main -> main (non-fast-forward)
error: failed to push some refs to 'https://github.com/Go-toure/AFRO-SIA_Dashboard.git'
hint: Updates were rejected because the tip of your current branch is behind
hint: its remote counterpart. If you want to integrate the remote changes,
hint: use 'git pull' before pushing again.
hint: See the 'Note about fast-forwards' in 'git push --help' for details.
[1] 1
d251c53 Updated git_sync_log.csv: 2026-09-10 16:30
[1] 0
